userEmail,companyName,clockIn,clockOut,notes
ismael.blanco@acme.com,Acme Iberica SL,2026-07-10T09:10:00,2026-07-10T17:24:00,
ismael.blanco@acme.com,Acme Iberica SL,2026-07-09T09:02:00,2026-07-09T17:25:00,
ismael.blanco@acme.com,Acme Iberica SL,2026-07-08T09:09:00,2026-07-08T17:22:00,
ismael.blanco@acme.com,Acme Iberica SL,2026-07-07T09:08:00,2026-07-07T17:25:00,
ismael.blanco@acme.com,Acme Iberica SL,2026-07-06T09:14:00,2026-07-06T17:34:00,
ismael.blanco@acme.com,Acme Iberica SL,2026-07-03T08:50:00,2026-07-03T17:05:00,
ismael.blanco@acme.com,Acme Iberica SL,2026-07-02T09:09:00,2026-07-02T17:09:00,
ismael.blanco@acme.com,Acme Iberica SL,2026-07-01T08:53:00,2026-07-01T17:11:00,
ismael.blanco@acme.com,Acme Iberica SL,2026-06-30T08:52:00,2026-06-30T16:54:00,
ismael.blanco@acme.com,Acme Iberica SL,2026-06-29T09:07:00,2026-06-29T17:10:00,
ismael.blanco@acme.com,Acme Iberica SL,2026-06-26T08:55:00,2026-06-26T17:00:00,
ismael.blanco@acme.com,Acme Iberica SL,2026-06-25T08:47:00,2026-06-25T16:40:00,
ismael.blanco@acme.com,Acme Iberica SL,2026-06-24T08:57:00,2026-06-24T17:26:00,
ismael.blanco@acme.com,Acme Iberica SL,2026-06-23T08:51:00,2026-06-23T16:40:00,
ismael.blanco@acme.com,Acme Iberica SL,2026-06-22T08:55:00,2026-06-22T17:14:00,
ismael.blanco@acme.com,Acme Iberica SL,2026-06-19T08:46:00,2026-06-19T16:44:00,
ismael.blanco@acme.com,Acme Iberica SL,2026-06-18T08:57:00,2026-06-18T17:19:00,
ismael.blanco@acme.com,Acme Iberica SL,2026-06-17T08:45:00,2026-06-17T17:06:00,
ismael.blanco@acme.com,Acme Iberica SL,2026-06-16T08:45:00,2026-06-16T16:52:00,
ismael.blanco@acme.com,Acme Iberica SL,2026-06-15T08:57:00,2026-06-15T17:08:00,
adrian.diaz@acme.com,Acme Iberica SL,2026-07-10T09:08:00,2026-07-10T17:27:00,
adrian.diaz@acme.com,Acme Iberica SL,2026-07-09T09:13:00,2026-07-09T17:12:00,
adrian.diaz@acme.com,Acme Iberica SL,2026-07-08T08:53:00,2026-07-08T17:05:00,
adrian.diaz@acme.com,Acme Iberica SL,2026-07-07T08:57:00,2026-07-07T17:03:00,
adrian.diaz@acme.com,Acme Iberica SL,2026-07-06T09:10:00,2026-07-06T17:20:00,
adrian.diaz@acme.com,Acme Iberica SL,2026-07-03T09:11:00,2026-07-03T17:25:00,
adrian.diaz@acme.com,Acme Iberica SL,2026-07-02T09:04:00,2026-07-02T17:23:00,Reunion cliente
adrian.diaz@acme.com,Acme Iberica SL,2026-07-01T09:03:00,2026-07-01T17:24:00,
adrian.diaz@acme.com,Acme Iberica SL,2026-06-30T08:47:00,2026-06-30T17:13:00,
adrian.diaz@acme.com,Acme Iberica SL,2026-06-29T09:12:00,2026-06-29T17:26:00,
adrian.diaz@acme.com,Acme Iberica SL,2026-06-26T08:53:00,2026-06-26T17:02:00,
adrian.diaz@acme.com,Acme Iberica SL,2026-06-25T08:59:00,2026-06-25T17:04:00,
adrian.diaz@acme.com,Acme Iberica SL,2026-06-24T09:13:00,2026-06-24T17:22:00,
adrian.diaz@acme.com,Acme Iberica SL,2026-06-23T09:15:00,2026-06-23T17:26:00,
adrian.diaz@acme.com,Acme Iberica SL,2026-06-22T08:47:00,2026-06-22T17:02:00,Jornada intensiva
adrian.diaz@acme.com,Acme Iberica SL,2026-06-19T08:46:00,2026-06-19T16:53:00,
adrian.diaz@acme.com,Acme Iberica SL,2026-06-18T08:47:00,2026-06-18T17:13:00,Teletrabajo
adrian.diaz@acme.com,Acme Iberica SL,2026-06-17T09:15:00,2026-06-17T17:15:00,
adrian.diaz@acme.com,Acme Iberica SL,2026-06-16T08:45:00,2026-06-16T17:09:00,
adrian.diaz@acme.com,Acme Iberica SL,2026-06-15T08:49:00,2026-06-15T17:04:00,
adrian.perez@acme.com,Acme Iberica SL,2026-07-10T09:03:00,2026-07-10T17:01:00,
adrian.perez@acme.com,Acme Iberica SL,2026-07-09T08:53:00,2026-07-09T17:01:00,
adrian.perez@acme.com,Acme Iberica SL,2026-07-08T09:04:00,2026-07-08T17:34:00,
adrian.perez@acme.com,Acme Iberica SL,2026-07-07T09:11:00,2026-07-07T17:06:00,
adrian.perez@acme.com,Acme Iberica SL,2026-07-06T08:48:00,2026-07-06T17:10:00,Reunion cliente
adrian.perez@acme.com,Acme Iberica SL,2026-07-03T09:03:00,2026-07-03T17:31:00,
adrian.perez@acme.com,Acme Iberica SL,2026-07-02T08:57:00,2026-07-02T17:07:00,
adrian.perez@acme.com,Acme Iberica SL,2026-07-01T08:51:00,2026-07-01T16:40:00,
adrian.perez@acme.com,Acme Iberica SL,2026-06-30T09:11:00,2026-06-30T17:36:00,
adrian.perez@acme.com,Acme Iberica SL,2026-06-29T09:07:00,2026-06-29T17:11:00,
adrian.perez@acme.com,Acme Iberica SL,2026-06-26T09:04:00,2026-06-26T16:56:00,
adrian.perez@acme.com,Acme Iberica SL,2026-06-25T09:03:00,2026-06-25T16:50:00,
adrian.perez@acme.com,Acme Iberica SL,2026-06-24T08:58:00,2026-06-24T17:25:00,
adrian.perez@acme.com,Acme Iberica SL,2026-06-23T09:01:00,2026-06-23T17:27:00,
adrian.perez@acme.com,Acme Iberica SL,2026-06-22T09:12:00,2026-06-22T17:23:00,
adrian.perez@acme.com,Acme Iberica SL,2026-06-19T08:48:00,2026-06-19T17:00:00,
adrian.perez@acme.com,Acme Iberica SL,2026-06-18T09:05:00,2026-06-18T17:19:00,
adrian.perez@acme.com,Acme Iberica SL,2026-06-17T08:58:00,2026-06-17T16:54:00,
adrian.perez@acme.com,Acme Iberica SL,2026-06-16T09:15:00,2026-06-16T17:41:00,
adrian.perez@acme.com,Acme Iberica SL,2026-06-15T09:10:00,2026-06-15T17:29:00,
sergio.sanchez@acme.com,Acme Iberica SL,2026-07-10T08:59:00,2026-07-10T17:11:00,
sergio.sanchez@acme.com,Acme Iberica SL,2026-07-09T09:03:00,2026-07-09T17:05:00,
sergio.sanchez@acme.com,Acme Iberica SL,2026-07-08T08:52:00,2026-07-08T16:42:00,
sergio.sanchez@acme.com,Acme Iberica SL,2026-07-07T08:59:00,2026-07-07T16:59:00,
sergio.sanchez@acme.com,Acme Iberica SL,2026-07-06T09:03:00,2026-07-06T17:27:00,
sergio.sanchez@acme.com,Acme Iberica SL,2026-07-03T08:55:00,2026-07-03T16:41:00,
sergio.sanchez@acme.com,Acme Iberica SL,2026-07-02T08:55:00,2026-07-02T16:51:00,
sergio.sanchez@acme.com,Acme Iberica SL,2026-07-01T08:56:00,2026-07-01T16:57:00,
sergio.sanchez@acme.com,Acme Iberica SL,2026-06-30T09:13:00,2026-06-30T17:36:00,
sergio.sanchez@acme.com,Acme Iberica SL,2026-06-29T08:53:00,2026-06-29T17:13:00,Teletrabajo
sergio.sanchez@acme.com,Acme Iberica SL,2026-06-26T08:47:00,2026-06-26T16:47:00,
sergio.sanchez@acme.com,Acme Iberica SL,2026-06-25T09:00:00,2026-06-25T17:20:00,
sergio.sanchez@acme.com,Acme Iberica SL,2026-06-24T09:07:00,2026-06-24T17:22:00,
sergio.sanchez@acme.com,Acme Iberica SL,2026-06-23T09:00:00,2026-06-23T17:13:00,
sergio.sanchez@acme.com,Acme Iberica SL,2026-06-22T08:47:00,2026-06-22T16:50:00,
sergio.sanchez@acme.com,Acme Iberica SL,2026-06-19T09:07:00,2026-06-19T17:07:00,
sergio.sanchez@acme.com,Acme Iberica SL,2026-06-18T09:03:00,2026-06-18T17:11:00,
sergio.sanchez@acme.com,Acme Iberica SL,2026-06-17T09:01:00,2026-06-17T17:08:00,
sergio.sanchez@acme.com,Acme Iberica SL,2026-06-16T09:08:00,2026-06-16T17:28:00,
sergio.sanchez@acme.com,Acme Iberica SL,2026-06-15T09:07:00,2026-06-15T17:21:00,
victor.gomez@acme.com,Acme Iberica SL,2026-07-10T08:53:00,2026-07-10T16:52:00,
victor.gomez@acme.com,Acme Iberica SL,2026-07-09T08:51:00,2026-07-09T16:56:00,
victor.gomez@acme.com,Acme Iberica SL,2026-07-08T09:02:00,2026-07-08T17:31:00,
victor.gomez@acme.com,Acme Iberica SL,2026-07-07T08:51:00,2026-07-07T17:06:00,
victor.gomez@acme.com,Acme Iberica SL,2026-07-06T09:03:00,2026-07-06T17:21:00,
victor.gomez@acme.com,Acme Iberica SL,2026-07-03T08:48:00,2026-07-03T16:45:00,
victor.gomez@acme.com,Acme Iberica SL,2026-07-02T08:56:00,2026-07-02T16:52:00,
victor.gomez@acme.com,Acme Iberica SL,2026-07-01T09:07:00,2026-07-01T17:26:00,
victor.gomez@acme.com,Acme Iberica SL,2026-06-30T08:46:00,2026-06-30T16:34:00,
victor.gomez@acme.com,Acme Iberica SL,2026-06-29T09:07:00,2026-06-29T17:00:00,
victor.gomez@acme.com,Acme Iberica SL,2026-06-26T09:09:00,2026-06-26T17:25:00,
victor.gomez@acme.com,Acme Iberica SL,2026-06-25T08:45:00,2026-06-25T17:06:00,
victor.gomez@acme.com,Acme Iberica SL,2026-06-24T09:00:00,2026-06-24T17:13:00,
victor.gomez@acme.com,Acme Iberica SL,2026-06-23T09:15:00,2026-06-23T17:03:00,
victor.gomez@acme.com,Acme Iberica SL,2026-06-22T09:12:00,2026-06-22T17:27:00,
victor.gomez@acme.com,Acme Iberica SL,2026-06-19T08:47:00,2026-06-19T16:57:00,
victor.gomez@acme.com,Acme Iberica SL,2026-06-18T09:03:00,2026-06-18T17:28:00,
victor.gomez@acme.com,Acme Iberica SL,2026-06-17T08:49:00,2026-06-17T16:43:00,
victor.gomez@acme.com,Acme Iberica SL,2026-06-16T09:15:00,2026-06-16T17:19:00,
victor.gomez@acme.com,Acme Iberica SL,2026-06-15T08:52:00,2026-06-15T16:44:00,
sara.alvarez@acme.com,Acme Iberica SL,2026-07-10T08:58:00,2026-07-10T17:21:00,
sara.alvarez@acme.com,Acme Iberica SL,2026-07-09T09:04:00,2026-07-09T17:03:00,
sara.alvarez@acme.com,Acme Iberica SL,2026-07-08T08:57:00,2026-07-08T17:10:00,
sara.alvarez@acme.com,Acme Iberica SL,2026-07-07T08:54:00,2026-07-07T17:16:00,
sara.alvarez@acme.com,Acme Iberica SL,2026-07-06T08:54:00,2026-07-06T17:15:00,
sara.alvarez@acme.com,Acme Iberica SL,2026-07-03T09:04:00,2026-07-03T16:55:00,
sara.alvarez@acme.com,Acme Iberica SL,2026-07-02T08:51:00,2026-07-02T17:16:00,
sara.alvarez@acme.com,Acme Iberica SL,2026-07-01T09:06:00,2026-07-01T16:56:00,
sara.alvarez@acme.com,Acme Iberica SL,2026-06-30T08:50:00,2026-06-30T17:10:00,Teletrabajo
sara.alvarez@acme.com,Acme Iberica SL,2026-06-29T08:58:00,2026-06-29T17:11:00,
sara.alvarez@acme.com,Acme Iberica SL,2026-06-26T09:00:00,2026-06-26T17:03:00,Reunion cliente
sara.alvarez@acme.com,Acme Iberica SL,2026-06-25T09:07:00,2026-06-25T17:10:00,
sara.alvarez@acme.com,Acme Iberica SL,2026-06-24T08:59:00,2026-06-24T16:48:00,
sara.alvarez@acme.com,Acme Iberica SL,2026-06-23T09:14:00,2026-06-23T17:15:00,
sara.alvarez@acme.com,Acme Iberica SL,2026-06-22T09:05:00,2026-06-22T17:27:00,
sara.alvarez@acme.com,Acme Iberica SL,2026-06-19T09:14:00,2026-06-19T17:11:00,
sara.alvarez@acme.com,Acme Iberica SL,2026-06-18T09:02:00,2026-06-18T17:01:00,
sara.alvarez@acme.com,Acme Iberica SL,2026-06-17T09:14:00,2026-06-17T17:16:00,
sara.alvarez@acme.com,Acme Iberica SL,2026-06-16T08:47:00,2026-06-16T16:35:00,
sara.alvarez@acme.com,Acme Iberica SL,2026-06-15T08:54:00,2026-06-15T17:17:00,
ana.navarro@acme.com,Acme Iberica SL,2026-07-10T09:03:00,2026-07-10T17:06:00,
ana.navarro@acme.com,Acme Iberica SL,2026-07-09T08:59:00,2026-07-09T17:28:00,
ana.navarro@acme.com,Acme Iberica SL,2026-07-08T08:57:00,2026-07-08T16:59:00,
ana.navarro@acme.com,Acme Iberica SL,2026-07-07T09:00:00,2026-07-07T17:13:00,
ana.navarro@acme.com,Acme Iberica SL,2026-07-06T08:46:00,2026-07-06T16:58:00,
ana.navarro@acme.com,Acme Iberica SL,2026-07-03T09:04:00,2026-07-03T17:05:00,Teletrabajo
ana.navarro@acme.com,Acme Iberica SL,2026-07-02T09:15:00,2026-07-02T17:43:00,
ana.navarro@acme.com,Acme Iberica SL,2026-07-01T09:03:00,2026-07-01T17:25:00,
ana.navarro@acme.com,Acme Iberica SL,2026-06-30T09:09:00,2026-06-30T17:37:00,
ana.navarro@acme.com,Acme Iberica SL,2026-06-29T09:03:00,2026-06-29T16:50:00,
ana.navarro@acme.com,Acme Iberica SL,2026-06-26T08:50:00,2026-06-26T17:05:00,
ana.navarro@acme.com,Acme Iberica SL,2026-06-25T08:59:00,2026-06-25T17:01:00,
ana.navarro@acme.com,Acme Iberica SL,2026-06-24T09:03:00,2026-06-24T17:15:00,
ana.navarro@acme.com,Acme Iberica SL,2026-06-23T09:00:00,2026-06-23T16:50:00,
ana.navarro@acme.com,Acme Iberica SL,2026-06-22T08:58:00,2026-06-22T17:04:00,
ana.navarro@acme.com,Acme Iberica SL,2026-06-19T08:48:00,2026-06-19T16:43:00,
ana.navarro@acme.com,Acme Iberica SL,2026-06-18T09:07:00,2026-06-18T17:23:00,
ana.navarro@acme.com,Acme Iberica SL,2026-06-17T09:15:00,2026-06-17T17:25:00,
ana.navarro@acme.com,Acme Iberica SL,2026-06-16T09:02:00,2026-06-16T16:49:00,
ana.navarro@acme.com,Acme Iberica SL,2026-06-15T08:55:00,2026-06-15T16:56:00,
victor.ramos@acme.com,Acme Iberica SL,2026-07-10T09:09:00,2026-07-10T17:19:00,
victor.ramos@acme.com,Acme Iberica SL,2026-07-09T09:11:00,2026-07-09T16:56:00,
victor.ramos@acme.com,Acme Iberica SL,2026-07-08T09:02:00,2026-07-08T17:16:00,
victor.ramos@acme.com,Acme Iberica SL,2026-07-07T08:51:00,2026-07-07T17:09:00,
victor.ramos@acme.com,Acme Iberica SL,2026-07-06T09:09:00,2026-07-06T17:25:00,
victor.ramos@acme.com,Acme Iberica SL,2026-07-03T09:09:00,2026-07-03T16:57:00,
victor.ramos@acme.com,Acme Iberica SL,2026-07-02T09:02:00,2026-07-02T16:55:00,
victor.ramos@acme.com,Acme Iberica SL,2026-07-01T08:59:00,2026-07-01T17:28:00,
victor.ramos@acme.com,Acme Iberica SL,2026-06-30T08:45:00,2026-06-30T17:10:00,
victor.ramos@acme.com,Acme Iberica SL,2026-06-29T08:52:00,2026-06-29T17:22:00,
victor.ramos@acme.com,Acme Iberica SL,2026-06-26T09:02:00,2026-06-26T16:47:00,
victor.ramos@acme.com,Acme Iberica SL,2026-06-25T08:47:00,2026-06-25T16:46:00,
victor.ramos@acme.com,Acme Iberica SL,2026-06-24T09:14:00,2026-06-24T17:06:00,
victor.ramos@acme.com,Acme Iberica SL,2026-06-23T08:48:00,2026-06-23T17:14:00,
victor.ramos@acme.com,Acme Iberica SL,2026-06-22T09:00:00,2026-06-22T17:30:00,
victor.ramos@acme.com,Acme Iberica SL,2026-06-19T09:07:00,2026-06-19T17:09:00,
victor.ramos@acme.com,Acme Iberica SL,2026-06-18T09:00:00,2026-06-18T17:15:00,
victor.ramos@acme.com,Acme Iberica SL,2026-06-17T09:02:00,2026-06-17T16:56:00,
victor.ramos@acme.com,Acme Iberica SL,2026-06-16T09:14:00,2026-06-16T17:37:00,
victor.ramos@acme.com,Acme Iberica SL,2026-06-15T09:13:00,2026-06-15T17:06:00,
sergio.dominguez@acme.com,Acme Iberica SL,2026-07-10T08:53:00,2026-07-10T17:04:00,
sergio.dominguez@acme.com,Acme Iberica SL,2026-07-09T09:10:00,2026-07-09T17:27:00,
sergio.dominguez@acme.com,Acme Iberica SL,2026-07-08T08:45:00,2026-07-08T16:48:00,
sergio.dominguez@acme.com,Acme Iberica SL,2026-07-07T09:11:00,2026-07-07T17:33:00,
sergio.dominguez@acme.com,Acme Iberica SL,2026-07-06T09:06:00,2026-07-06T17:22:00,
sergio.dominguez@acme.com,Acme Iberica SL,2026-07-03T08:59:00,2026-07-03T17:18:00,
sergio.dominguez@acme.com,Acme Iberica SL,2026-07-02T08:55:00,2026-07-02T17:15:00,
sergio.dominguez@acme.com,Acme Iberica SL,2026-07-01T08:57:00,2026-07-01T17:11:00,
sergio.dominguez@acme.com,Acme Iberica SL,2026-06-30T09:12:00,2026-06-30T17:09:00,
sergio.dominguez@acme.com,Acme Iberica SL,2026-06-29T08:52:00,2026-06-29T17:13:00,
sergio.dominguez@acme.com,Acme Iberica SL,2026-06-26T09:12:00,2026-06-26T17:23:00,Jornada intensiva
sergio.dominguez@acme.com,Acme Iberica SL,2026-06-25T09:00:00,2026-06-25T17:30:00,
sergio.dominguez@acme.com,Acme Iberica SL,2026-06-24T08:57:00,2026-06-24T17:06:00,
sergio.dominguez@acme.com,Acme Iberica SL,2026-06-23T09:10:00,2026-06-23T17:36:00,
sergio.dominguez@acme.com,Acme Iberica SL,2026-06-22T09:00:00,2026-06-22T16:47:00,
sergio.dominguez@acme.com,Acme Iberica SL,2026-06-19T09:15:00,2026-06-19T17:37:00,
sergio.dominguez@acme.com,Acme Iberica SL,2026-06-18T08:48:00,2026-06-18T17:01:00,
sergio.dominguez@acme.com,Acme Iberica SL,2026-06-17T09:14:00,2026-06-17T17:28:00,Teletrabajo
sergio.dominguez@acme.com,Acme Iberica SL,2026-06-16T08:58:00,2026-06-16T17:24:00,
sergio.dominguez@acme.com,Acme Iberica SL,2026-06-15T08:47:00,2026-06-15T17:02:00,
alvaro.gomez@distribuciones.com,Distribuciones Levante SA,2026-07-10T08:53:00,2026-07-10T16:59:00,
alvaro.gomez@distribuciones.com,Distribuciones Levante SA,2026-07-09T08:57:00,2026-07-09T17:23:00,
alvaro.gomez@distribuciones.com,Distribuciones Levante SA,2026-07-08T08:55:00,2026-07-08T17:23:00,
alvaro.gomez@distribuciones.com,Distribuciones Levante SA,2026-07-07T08:57:00,2026-07-07T17:02:00,
alvaro.gomez@distribuciones.com,Distribuciones Levante SA,2026-07-06T09:13:00,2026-07-06T17:29:00,
alvaro.gomez@distribuciones.com,Distribuciones Levante SA,2026-07-03T08:46:00,2026-07-03T17:10:00,Jornada intensiva
alvaro.gomez@distribuciones.com,Distribuciones Levante SA,2026-07-02T09:06:00,2026-07-02T17:09:00,
alvaro.gomez@distribuciones.com,Distribuciones Levante SA,2026-07-01T09:08:00,2026-07-01T16:58:00,
alvaro.gomez@distribuciones.com,Distribuciones Levante SA,2026-06-30T08:48:00,2026-06-30T17:13:00,
alvaro.gomez@distribuciones.com,Distribuciones Levante SA,2026-06-29T08:48:00,2026-06-29T17:01:00,
alvaro.gomez@distribuciones.com,Distribuciones Levante SA,2026-06-26T08:54:00,2026-06-26T16:40:00,Teletrabajo
alvaro.gomez@distribuciones.com,Distribuciones Levante SA,2026-06-25T08:54:00,2026-06-25T17:01:00,
alvaro.gomez@distribuciones.com,Distribuciones Levante SA,2026-06-24T08:49:00,2026-06-24T16:49:00,
alvaro.gomez@distribuciones.com,Distribuciones Levante SA,2026-06-23T09:03:00,2026-06-23T17:31:00,
alvaro.gomez@distribuciones.com,Distribuciones Levante SA,2026-06-22T08:50:00,2026-06-22T16:46:00,Reunion cliente
alvaro.gomez@distribuciones.com,Distribuciones Levante SA,2026-06-19T09:04:00,2026-06-19T17:32:00,
alvaro.gomez@distribuciones.com,Distribuciones Levante SA,2026-06-18T09:14:00,2026-06-18T17:36:00,
alvaro.gomez@distribuciones.com,Distribuciones Levante SA,2026-06-17T08:59:00,2026-06-17T17:24:00,
alvaro.gomez@distribuciones.com,Distribuciones Levante SA,2026-06-16T08:53:00,2026-06-16T17:20:00,Reunion cliente
alvaro.gomez@distribuciones.com,Distribuciones Levante SA,2026-06-15T09:13:00,2026-06-15T17:16:00,
oscar.gomez@distribuciones.com,Distribuciones Levante SA,2026-07-10T08:50:00,2026-07-10T16:39:00,
oscar.gomez@distribuciones.com,Distribuciones Levante SA,2026-07-09T08:56:00,2026-07-09T17:18:00,
oscar.gomez@distribuciones.com,Distribuciones Levante SA,2026-07-08T09:15:00,2026-07-08T17:27:00,
oscar.gomez@distribuciones.com,Distribuciones Levante SA,2026-07-07T08:59:00,2026-07-07T17:03:00,
oscar.gomez@distribuciones.com,Distribuciones Levante SA,2026-07-06T08:57:00,2026-07-06T17:12:00,
oscar.gomez@distribuciones.com,Distribuciones Levante SA,2026-07-03T08:57:00,2026-07-03T17:18:00,
oscar.gomez@distribuciones.com,Distribuciones Levante SA,2026-07-02T08:54:00,2026-07-02T17:23:00,
oscar.gomez@distribuciones.com,Distribuciones Levante SA,2026-07-01T09:11:00,2026-07-01T17:38:00,
oscar.gomez@distribuciones.com,Distribuciones Levante SA,2026-06-30T08:45:00,2026-06-30T17:06:00,
oscar.gomez@distribuciones.com,Distribuciones Levante SA,2026-06-29T09:09:00,2026-06-29T16:57:00,
oscar.gomez@distribuciones.com,Distribuciones Levante SA,2026-06-26T09:08:00,2026-06-26T17:24:00,
oscar.gomez@distribuciones.com,Distribuciones Levante SA,2026-06-25T09:13:00,2026-06-25T17:16:00,
oscar.gomez@distribuciones.com,Distribuciones Levante SA,2026-06-24T08:52:00,2026-06-24T17:15:00,
oscar.gomez@distribuciones.com,Distribuciones Levante SA,2026-06-23T08:52:00,2026-06-23T17:17:00,
oscar.gomez@distribuciones.com,Distribuciones Levante SA,2026-06-22T08:53:00,2026-06-22T17:21:00,
oscar.gomez@distribuciones.com,Distribuciones Levante SA,2026-06-19T09:09:00,2026-06-19T17:36:00,
oscar.gomez@distribuciones.com,Distribuciones Levante SA,2026-06-18T08:49:00,2026-06-18T17:14:00,
oscar.gomez@distribuciones.com,Distribuciones Levante SA,2026-06-17T09:05:00,2026-06-17T17:31:00,Reunion cliente
oscar.gomez@distribuciones.com,Distribuciones Levante SA,2026-06-16T08:46:00,2026-06-16T17:08:00,
oscar.gomez@distribuciones.com,Distribuciones Levante SA,2026-06-15T08:49:00,2026-06-15T16:39:00,
silvia.garcia@distribuciones.com,Distribuciones Levante SA,2026-07-10T08:55:00,2026-07-10T17:06:00,
silvia.garcia@distribuciones.com,Distribuciones Levante SA,2026-07-09T08:49:00,2026-07-09T17:08:00,
silvia.garcia@distribuciones.com,Distribuciones Levante SA,2026-07-08T08:56:00,2026-07-08T17:14:00,
silvia.garcia@distribuciones.com,Distribuciones Levante SA,2026-07-07T08:53:00,2026-07-07T16:48:00,
silvia.garcia@distribuciones.com,Distribuciones Levante SA,2026-07-06T09:11:00,2026-07-06T17:26:00,
silvia.garcia@distribuciones.com,Distribuciones Levante SA,2026-07-03T08:54:00,2026-07-03T17:00:00,
silvia.garcia@distribuciones.com,Distribuciones Levante SA,2026-07-02T08:59:00,2026-07-02T16:48:00,
silvia.garcia@distribuciones.com,Distribuciones Levante SA,2026-07-01T09:15:00,2026-07-01T17:14:00,
silvia.garcia@distribuciones.com,Distribuciones Levante SA,2026-06-30T09:08:00,2026-06-30T17:36:00,
silvia.garcia@distribuciones.com,Distribuciones Levante SA,2026-06-29T09:15:00,2026-06-29T17:35:00,
silvia.garcia@distribuciones.com,Distribuciones Levante SA,2026-06-26T09:10:00,2026-06-26T17:20:00,Jornada intensiva
silvia.garcia@distribuciones.com,Distribuciones Levante SA,2026-06-25T08:48:00,2026-06-25T17:02:00,
silvia.garcia@distribuciones.com,Distribuciones Levante SA,2026-06-24T09:08:00,2026-06-24T17:36:00,
silvia.garcia@distribuciones.com,Distribuciones Levante SA,2026-06-23T08:57:00,2026-06-23T17:22:00,
silvia.garcia@distribuciones.com,Distribuciones Levante SA,2026-06-22T08:48:00,2026-06-22T17:16:00,
silvia.garcia@distribuciones.com,Distribuciones Levante SA,2026-06-19T08:45:00,2026-06-19T17:09:00,
silvia.garcia@distribuciones.com,Distribuciones Levante SA,2026-06-18T09:02:00,2026-06-18T17:07:00,
silvia.garcia@distribuciones.com,Distribuciones Levante SA,2026-06-17T08:52:00,2026-06-17T17:18:00,Reunion cliente
silvia.garcia@distribuciones.com,Distribuciones Levante SA,2026-06-16T09:14:00,2026-06-16T17:43:00,
silvia.garcia@distribuciones.com,Distribuciones Levante SA,2026-06-15T08:58:00,2026-06-15T16:50:00,
diego.vazquez@distribuciones.com,Distribuciones Levante SA,2026-07-10T09:15:00,2026-07-10T17:02:00,
diego.vazquez@distribuciones.com,Distribuciones Levante SA,2026-07-09T09:00:00,2026-07-09T16:52:00,
diego.vazquez@distribuciones.com,Distribuciones Levante SA,2026-07-08T09:13:00,2026-07-08T17:32:00,
diego.vazquez@distribuciones.com,Distribuciones Levante SA,2026-07-07T08:59:00,2026-07-07T17:07:00,
diego.vazquez@distribuciones.com,Distribuciones Levante SA,2026-07-06T09:08:00,2026-07-06T17:37:00,
diego.vazquez@distribuciones.com,Distribuciones Levante SA,2026-07-03T08:58:00,2026-07-03T17:20:00,
diego.vazquez@distribuciones.com,Distribuciones Levante SA,2026-07-02T08:49:00,2026-07-02T17:00:00,
diego.vazquez@distribuciones.com,Distribuciones Levante SA,2026-07-01T09:11:00,2026-07-01T17:27:00,
diego.vazquez@distribuciones.com,Distribuciones Levante SA,2026-06-30T09:15:00,2026-06-30T17:17:00,Reunion cliente
diego.vazquez@distribuciones.com,Distribuciones Levante SA,2026-06-29T08:51:00,2026-06-29T17:04:00,
diego.vazquez@distribuciones.com,Distribuciones Levante SA,2026-06-26T08:52:00,2026-06-26T17:00:00,
diego.vazquez@distribuciones.com,Distribuciones Levante SA,2026-06-25T09:06:00,2026-06-25T17:14:00,
diego.vazquez@distribuciones.com,Distribuciones Levante SA,2026-06-24T09:05:00,2026-06-24T17:12:00,Reunion cliente
diego.vazquez@distribuciones.com,Distribuciones Levante SA,2026-06-23T08:51:00,2026-06-23T16:43:00,
diego.vazquez@distribuciones.com,Distribuciones Levante SA,2026-06-22T09:11:00,2026-06-22T17:25:00,
diego.vazquez@distribuciones.com,Distribuciones Levante SA,2026-06-19T08:51:00,2026-06-19T17:17:00,
diego.vazquez@distribuciones.com,Distribuciones Levante SA,2026-06-18T08:45:00,2026-06-18T16:33:00,
diego.vazquez@distribuciones.com,Distribuciones Levante SA,2026-06-17T08:52:00,2026-06-17T16:45:00,
diego.vazquez@distribuciones.com,Distribuciones Levante SA,2026-06-16T08:51:00,2026-06-16T16:40:00,
diego.vazquez@distribuciones.com,Distribuciones Levante SA,2026-06-15T09:02:00,2026-06-15T17:00:00,
pablo.diaz@distribuciones.com,Distribuciones Levante SA,2026-07-10T09:11:00,2026-07-10T17:10:00,
pablo.diaz@distribuciones.com,Distribuciones Levante SA,2026-07-09T08:49:00,2026-07-09T17:12:00,Teletrabajo
pablo.diaz@distribuciones.com,Distribuciones Levante SA,2026-07-08T08:49:00,2026-07-08T17:08:00,
pablo.diaz@distribuciones.com,Distribuciones Levante SA,2026-07-07T08:50:00,2026-07-07T16:42:00,
pablo.diaz@distribuciones.com,Distribuciones Levante SA,2026-07-06T08:45:00,2026-07-06T16:38:00,Teletrabajo
pablo.diaz@distribuciones.com,Distribuciones Levante SA,2026-07-03T09:03:00,2026-07-03T17:08:00,Reunion cliente
pablo.diaz@distribuciones.com,Distribuciones Levante SA,2026-07-02T08:46:00,2026-07-02T16:39:00,
pablo.diaz@distribuciones.com,Distribuciones Levante SA,2026-07-01T09:01:00,2026-07-01T16:53:00,
pablo.diaz@distribuciones.com,Distribuciones Levante SA,2026-06-30T09:00:00,2026-06-30T17:13:00,
pablo.diaz@distribuciones.com,Distribuciones Levante SA,2026-06-29T09:01:00,2026-06-29T17:23:00,
pablo.diaz@distribuciones.com,Distribuciones Levante SA,2026-06-26T09:01:00,2026-06-26T17:00:00,
pablo.diaz@distribuciones.com,Distribuciones Levante SA,2026-06-25T08:46:00,2026-06-25T17:13:00,
pablo.diaz@distribuciones.com,Distribuciones Levante SA,2026-06-24T08:59:00,2026-06-24T17:25:00,
pablo.diaz@distribuciones.com,Distribuciones Levante SA,2026-06-23T08:46:00,2026-06-23T17:01:00,
pablo.diaz@distribuciones.com,Distribuciones Levante SA,2026-06-22T08:58:00,2026-06-22T17:26:00,
pablo.diaz@distribuciones.com,Distribuciones Levante SA,2026-06-19T09:07:00,2026-06-19T17:20:00,Teletrabajo
pablo.diaz@distribuciones.com,Distribuciones Levante SA,2026-06-18T08:55:00,2026-06-18T17:18:00,
pablo.diaz@distribuciones.com,Distribuciones Levante SA,2026-06-17T08:49:00,2026-06-17T16:51:00,
pablo.diaz@distribuciones.com,Distribuciones Levante SA,2026-06-16T09:03:00,2026-06-16T17:23:00,
pablo.diaz@distribuciones.com,Distribuciones Levante SA,2026-06-15T08:57:00,2026-06-15T17:20:00,
adrian.blanco@distribuciones.com,Distribuciones Levante SA,2026-07-10T08:59:00,2026-07-10T17:16:00,
adrian.blanco@distribuciones.com,Distribuciones Levante SA,2026-07-09T08:48:00,2026-07-09T17:17:00,
adrian.blanco@distribuciones.com,Distribuciones Levante SA,2026-07-08T09:05:00,2026-07-08T17:31:00,
adrian.blanco@distribuciones.com,Distribuciones Levante SA,2026-07-07T09:02:00,2026-07-07T17:00:00,
adrian.blanco@distribuciones.com,Distribuciones Levante SA,2026-07-06T09:13:00,2026-07-06T17:12:00,
adrian.blanco@distribuciones.com,Distribuciones Levante SA,2026-07-03T09:11:00,2026-07-03T17:25:00,
adrian.blanco@distribuciones.com,Distribuciones Levante SA,2026-07-02T09:08:00,2026-07-02T16:59:00,
adrian.blanco@distribuciones.com,Distribuciones Levante SA,2026-07-01T08:55:00,2026-07-01T17:22:00,
adrian.blanco@distribuciones.com,Distribuciones Levante SA,2026-06-30T09:15:00,2026-06-30T17:09:00,
adrian.blanco@distribuciones.com,Distribuciones Levante SA,2026-06-29T09:00:00,2026-06-29T16:49:00,
adrian.blanco@distribuciones.com,Distribuciones Levante SA,2026-06-26T08:47:00,2026-06-26T16:37:00,
adrian.blanco@distribuciones.com,Distribuciones Levante SA,2026-06-25T09:08:00,2026-06-25T17:16:00,
adrian.blanco@distribuciones.com,Distribuciones Levante SA,2026-06-24T09:02:00,2026-06-24T16:50:00,
adrian.blanco@distribuciones.com,Distribuciones Levante SA,2026-06-23T09:02:00,2026-06-23T17:22:00,
adrian.blanco@distribuciones.com,Distribuciones Levante SA,2026-06-22T08:48:00,2026-06-22T16:59:00,
adrian.blanco@distribuciones.com,Distribuciones Levante SA,2026-06-19T09:06:00,2026-06-19T17:18:00,
adrian.blanco@distribuciones.com,Distribuciones Levante SA,2026-06-18T09:08:00,2026-06-18T16:56:00,
adrian.blanco@distribuciones.com,Distribuciones Levante SA,2026-06-17T09:04:00,2026-06-17T17:08:00,
adrian.blanco@distribuciones.com,Distribuciones Levante SA,2026-06-16T09:03:00,2026-06-16T17:20:00,
adrian.blanco@distribuciones.com,Distribuciones Levante SA,2026-06-15T09:06:00,2026-06-15T17:21:00,
hugo.ramos@distribuciones.com,Distribuciones Levante SA,2026-07-10T08:48:00,2026-07-10T16:55:00,
hugo.ramos@distribuciones.com,Distribuciones Levante SA,2026-07-09T08:56:00,2026-07-09T16:48:00,
hugo.ramos@distribuciones.com,Distribuciones Levante SA,2026-07-08T09:03:00,2026-07-08T17:02:00,
hugo.ramos@distribuciones.com,Distribuciones Levante SA,2026-07-07T09:12:00,2026-07-07T17:32:00,
hugo.ramos@distribuciones.com,Distribuciones Levante SA,2026-07-06T09:11:00,2026-07-06T17:35:00,
hugo.ramos@distribuciones.com,Distribuciones Levante SA,2026-07-03T09:05:00,2026-07-03T17:25:00,Jornada intensiva
hugo.ramos@distribuciones.com,Distribuciones Levante SA,2026-07-02T09:11:00,2026-07-02T17:40:00,
hugo.ramos@distribuciones.com,Distribuciones Levante SA,2026-07-01T08:50:00,2026-07-01T16:52:00,
hugo.ramos@distribuciones.com,Distribuciones Levante SA,2026-06-30T08:54:00,2026-06-30T17:00:00,
hugo.ramos@distribuciones.com,Distribuciones Levante SA,2026-06-29T08:50:00,2026-06-29T16:44:00,
hugo.ramos@distribuciones.com,Distribuciones Levante SA,2026-06-26T08:57:00,2026-06-26T16:46:00,
hugo.ramos@distribuciones.com,Distribuciones Levante SA,2026-06-25T09:05:00,2026-06-25T16:51:00,
hugo.ramos@distribuciones.com,Distribuciones Levante SA,2026-06-24T09:01:00,2026-06-24T16:59:00,
hugo.ramos@distribuciones.com,Distribuciones Levante SA,2026-06-23T08:59:00,2026-06-23T17:05:00,
hugo.ramos@distribuciones.com,Distribuciones Levante SA,2026-06-22T08:54:00,2026-06-22T16:59:00,
hugo.ramos@distribuciones.com,Distribuciones Levante SA,2026-06-19T09:03:00,2026-06-19T17:26:00,
hugo.ramos@distribuciones.com,Distribuciones Levante SA,2026-06-18T08:46:00,2026-06-18T16:40:00,
hugo.ramos@distribuciones.com,Distribuciones Levante SA,2026-06-17T09:04:00,2026-06-17T16:52:00,
hugo.ramos@distribuciones.com,Distribuciones Levante SA,2026-06-16T08:53:00,2026-06-16T17:06:00,
hugo.ramos@distribuciones.com,Distribuciones Levante SA,2026-06-15T09:00:00,2026-06-15T17:23:00,
oscar.garcia@distribuciones.com,Distribuciones Levante SA,2026-07-10T08:53:00,2026-07-10T16:51:00,
oscar.garcia@distribuciones.com,Distribuciones Levante SA,2026-07-09T08:48:00,2026-07-09T16:55:00,
oscar.garcia@distribuciones.com,Distribuciones Levante SA,2026-07-08T08:54:00,2026-07-08T17:22:00,
oscar.garcia@distribuciones.com,Distribuciones Levante SA,2026-07-07T09:00:00,2026-07-07T17:18:00,
oscar.garcia@distribuciones.com,Distribuciones Levante SA,2026-07-06T08:46:00,2026-07-06T16:45:00,
oscar.garcia@distribuciones.com,Distribuciones Levante SA,2026-07-03T09:04:00,2026-07-03T16:52:00,Reunion cliente
oscar.garcia@distribuciones.com,Distribuciones Levante SA,2026-07-02T09:15:00,2026-07-02T17:13:00,
oscar.garcia@distribuciones.com,Distribuciones Levante SA,2026-07-01T09:09:00,2026-07-01T17:10:00,
oscar.garcia@distribuciones.com,Distribuciones Levante SA,2026-06-30T08:48:00,2026-06-30T16:33:00,
oscar.garcia@distribuciones.com,Distribuciones Levante SA,2026-06-29T08:58:00,2026-06-29T16:54:00,
oscar.garcia@distribuciones.com,Distribuciones Levante SA,2026-06-26T09:02:00,2026-06-26T17:32:00,
oscar.garcia@distribuciones.com,Distribuciones Levante SA,2026-06-25T09:02:00,2026-06-25T17:29:00,
oscar.garcia@distribuciones.com,Distribuciones Levante SA,2026-06-24T08:47:00,2026-06-24T16:57:00,
oscar.garcia@distribuciones.com,Distribuciones Levante SA,2026-06-23T08:46:00,2026-06-23T16:58:00,Teletrabajo
oscar.garcia@distribuciones.com,Distribuciones Levante SA,2026-06-22T09:12:00,2026-06-22T17:17:00,
oscar.garcia@distribuciones.com,Distribuciones Levante SA,2026-06-19T09:03:00,2026-06-19T17:13:00,
oscar.garcia@distribuciones.com,Distribuciones Levante SA,2026-06-18T08:58:00,2026-06-18T17:01:00,
oscar.garcia@distribuciones.com,Distribuciones Levante SA,2026-06-17T08:45:00,2026-06-17T16:50:00,
oscar.garcia@distribuciones.com,Distribuciones Levante SA,2026-06-16T09:15:00,2026-06-16T17:39:00,
oscar.garcia@distribuciones.com,Distribuciones Levante SA,2026-06-15T09:07:00,2026-06-15T17:15:00,
ruben.fernandez@distribuciones.com,Distribuciones Levante SA,2026-07-10T09:12:00,2026-07-10T17:03:00,
ruben.fernandez@distribuciones.com,Distribuciones Levante SA,2026-07-09T09:03:00,2026-07-09T17:13:00,
ruben.fernandez@distribuciones.com,Distribuciones Levante SA,2026-07-08T08:57:00,2026-07-08T17:01:00,
ruben.fernandez@distribuciones.com,Distribuciones Levante SA,2026-07-07T08:52:00,2026-07-07T16:58:00,
ruben.fernandez@distribuciones.com,Distribuciones Levante SA,2026-07-06T08:47:00,2026-07-06T17:04:00,
ruben.fernandez@distribuciones.com,Distribuciones Levante SA,2026-07-03T09:01:00,2026-07-03T17:18:00,
ruben.fernandez@distribuciones.com,Distribuciones Levante SA,2026-07-02T09:09:00,2026-07-02T17:16:00,
ruben.fernandez@distribuciones.com,Distribuciones Levante SA,2026-07-01T09:15:00,2026-07-01T17:41:00,
ruben.fernandez@distribuciones.com,Distribuciones Levante SA,2026-06-30T08:52:00,2026-06-30T16:43:00,
ruben.fernandez@distribuciones.com,Distribuciones Levante SA,2026-06-29T08:51:00,2026-06-29T16:47:00,
ruben.fernandez@distribuciones.com,Distribuciones Levante SA,2026-06-26T09:09:00,2026-06-26T17:35:00,Jornada intensiva
ruben.fernandez@distribuciones.com,Distribuciones Levante SA,2026-06-25T09:00:00,2026-06-25T17:14:00,
ruben.fernandez@distribuciones.com,Distribuciones Levante SA,2026-06-24T09:09:00,2026-06-24T17:31:00,
ruben.fernandez@distribuciones.com,Distribuciones Levante SA,2026-06-23T09:14:00,2026-06-23T17:35:00,
ruben.fernandez@distribuciones.com,Distribuciones Levante SA,2026-06-22T09:04:00,2026-06-22T17:09:00,
ruben.fernandez@distribuciones.com,Distribuciones Levante SA,2026-06-19T09:05:00,2026-06-19T17:10:00,
ruben.fernandez@distribuciones.com,Distribuciones Levante SA,2026-06-18T08:47:00,2026-06-18T17:02:00,
ruben.fernandez@distribuciones.com,Distribuciones Levante SA,2026-06-17T08:54:00,2026-06-17T16:56:00,
ruben.fernandez@distribuciones.com,Distribuciones Levante SA,2026-06-16T08:56:00,2026-06-16T17:13:00,Reunion cliente
ruben.fernandez@distribuciones.com,Distribuciones Levante SA,2026-06-15T08:59:00,2026-06-15T16:46:00,Reunion cliente
adrian.gomez@consultora.com,Consultora Norte,2026-07-10T08:47:00,2026-07-10T16:43:00,
adrian.gomez@consultora.com,Consultora Norte,2026-07-09T09:12:00,2026-07-09T16:32:00,
adrian.gomez@consultora.com,Consultora Norte,2026-07-08T09:01:00,2026-07-08T16:40:00,
adrian.gomez@consultora.com,Consultora Norte,2026-07-07T09:02:00,2026-07-07T16:19:00,
adrian.gomez@consultora.com,Consultora Norte,2026-07-06T09:10:00,2026-07-06T17:01:00,
adrian.gomez@consultora.com,Consultora Norte,2026-07-03T08:55:00,2026-07-03T16:48:00,
adrian.gomez@consultora.com,Consultora Norte,2026-07-02T08:49:00,2026-07-02T16:07:00,
adrian.gomez@consultora.com,Consultora Norte,2026-07-01T09:10:00,2026-07-01T16:46:00,
adrian.gomez@consultora.com,Consultora Norte,2026-06-30T08:47:00,2026-06-30T16:34:00,
adrian.gomez@consultora.com,Consultora Norte,2026-06-29T08:46:00,2026-06-29T16:16:00,
adrian.gomez@consultora.com,Consultora Norte,2026-06-26T08:59:00,2026-06-26T16:47:00,
adrian.gomez@consultora.com,Consultora Norte,2026-06-25T08:50:00,2026-06-25T16:28:00,
adrian.gomez@consultora.com,Consultora Norte,2026-06-24T08:54:00,2026-06-24T16:33:00,
adrian.gomez@consultora.com,Consultora Norte,2026-06-23T08:55:00,2026-06-23T16:53:00,
adrian.gomez@consultora.com,Consultora Norte,2026-06-22T09:10:00,2026-06-22T17:05:00,
adrian.gomez@consultora.com,Consultora Norte,2026-06-19T08:47:00,2026-06-19T16:23:00,
adrian.gomez@consultora.com,Consultora Norte,2026-06-18T09:06:00,2026-06-18T16:45:00,
adrian.gomez@consultora.com,Consultora Norte,2026-06-17T09:08:00,2026-06-17T17:05:00,
adrian.gomez@consultora.com,Consultora Norte,2026-06-16T09:04:00,2026-06-16T16:28:00,
adrian.gomez@consultora.com,Consultora Norte,2026-06-15T09:03:00,2026-06-15T17:00:00,
paula.gomez@consultora.com,Consultora Norte,2026-07-10T08:56:00,2026-07-10T16:30:00,
paula.gomez@consultora.com,Consultora Norte,2026-07-09T09:07:00,2026-07-09T17:04:00,
paula.gomez@consultora.com,Consultora Norte,2026-07-08T09:04:00,2026-07-08T17:04:00,
paula.gomez@consultora.com,Consultora Norte,2026-07-07T08:54:00,2026-07-07T16:44:00,
paula.gomez@consultora.com,Consultora Norte,2026-07-06T09:10:00,2026-07-06T16:46:00,
paula.gomez@consultora.com,Consultora Norte,2026-07-03T09:06:00,2026-07-03T17:05:00,
paula.gomez@consultora.com,Consultora Norte,2026-07-02T09:08:00,2026-07-02T17:06:00,
paula.gomez@consultora.com,Consultora Norte,2026-07-01T08:47:00,2026-07-01T16:43:00,
paula.gomez@consultora.com,Consultora Norte,2026-06-30T09:01:00,2026-06-30T16:39:00,Reunion cliente
paula.gomez@consultora.com,Consultora Norte,2026-06-29T08:50:00,2026-06-29T16:18:00,
paula.gomez@consultora.com,Consultora Norte,2026-06-26T09:09:00,2026-06-26T16:55:00,
paula.gomez@consultora.com,Consultora Norte,2026-06-25T08:49:00,2026-06-25T16:13:00,Teletrabajo
paula.gomez@consultora.com,Consultora Norte,2026-06-24T09:01:00,2026-06-24T16:50:00,
paula.gomez@consultora.com,Consultora Norte,2026-06-23T09:13:00,2026-06-23T17:01:00,Reunion cliente
paula.gomez@consultora.com,Consultora Norte,2026-06-22T09:13:00,2026-06-22T17:07:00,
paula.gomez@consultora.com,Consultora Norte,2026-06-19T08:57:00,2026-06-19T16:21:00,
paula.gomez@consultora.com,Consultora Norte,2026-06-18T09:11:00,2026-06-18T17:10:00,
paula.gomez@consultora.com,Consultora Norte,2026-06-17T09:10:00,2026-06-17T16:35:00,
paula.gomez@consultora.com,Consultora Norte,2026-06-16T08:46:00,2026-06-16T16:27:00,
paula.gomez@consultora.com,Consultora Norte,2026-06-15T09:08:00,2026-06-15T16:38:00,
silvia.martinez@consultora.com,Consultora Norte,2026-07-10T09:04:00,2026-07-10T16:37:00,
silvia.martinez@consultora.com,Consultora Norte,2026-07-09T09:10:00,2026-07-09T16:53:00,
silvia.martinez@consultora.com,Consultora Norte,2026-07-08T08:52:00,2026-07-08T16:26:00,
silvia.martinez@consultora.com,Consultora Norte,2026-07-07T09:10:00,2026-07-07T16:55:00,
silvia.martinez@consultora.com,Consultora Norte,2026-07-06T08:51:00,2026-07-06T16:29:00,
silvia.martinez@consultora.com,Consultora Norte,2026-07-03T09:03:00,2026-07-03T16:46:00,
silvia.martinez@consultora.com,Consultora Norte,2026-07-02T08:54:00,2026-07-02T16:33:00,
silvia.martinez@consultora.com,Consultora Norte,2026-07-01T08:58:00,2026-07-01T16:23:00,
silvia.martinez@consultora.com,Consultora Norte,2026-06-30T09:10:00,2026-06-30T17:03:00,
silvia.martinez@consultora.com,Consultora Norte,2026-06-29T08:53:00,2026-06-29T16:11:00,
silvia.martinez@consultora.com,Consultora Norte,2026-06-26T09:12:00,2026-06-26T16:50:00,
silvia.martinez@consultora.com,Consultora Norte,2026-06-25T08:48:00,2026-06-25T16:48:00,
silvia.martinez@consultora.com,Consultora Norte,2026-06-24T09:12:00,2026-06-24T16:34:00,
silvia.martinez@consultora.com,Consultora Norte,2026-06-23T09:09:00,2026-06-23T16:34:00,
silvia.martinez@consultora.com,Consultora Norte,2026-06-22T09:13:00,2026-06-22T17:00:00,
silvia.martinez@consultora.com,Consultora Norte,2026-06-19T08:58:00,2026-06-19T16:18:00,
silvia.martinez@consultora.com,Consultora Norte,2026-06-18T08:52:00,2026-06-18T16:35:00,
silvia.martinez@consultora.com,Consultora Norte,2026-06-17T09:14:00,2026-06-17T16:30:00,
silvia.martinez@consultora.com,Consultora Norte,2026-06-16T08:57:00,2026-06-16T16:44:00,
silvia.martinez@consultora.com,Consultora Norte,2026-06-15T08:57:00,2026-06-15T16:17:00,
alvaro.serrano@consultora.com,Consultora Norte,2026-07-10T08:45:00,2026-07-10T16:20:00,
alvaro.serrano@consultora.com,Consultora Norte,2026-07-09T09:11:00,2026-07-09T17:11:00,
alvaro.serrano@consultora.com,Consultora Norte,2026-07-08T09:10:00,2026-07-08T16:34:00,
alvaro.serrano@consultora.com,Consultora Norte,2026-07-07T08:54:00,2026-07-07T16:39:00,
alvaro.serrano@consultora.com,Consultora Norte,2026-07-06T08:49:00,2026-07-06T16:49:00,
alvaro.serrano@consultora.com,Consultora Norte,2026-07-03T09:04:00,2026-07-03T16:19:00,
alvaro.serrano@consultora.com,Consultora Norte,2026-07-02T08:45:00,2026-07-02T16:16:00,
alvaro.serrano@consultora.com,Consultora Norte,2026-07-01T08:49:00,2026-07-01T16:39:00,
alvaro.serrano@consultora.com,Consultora Norte,2026-06-30T09:04:00,2026-06-30T16:52:00,
alvaro.serrano@consultora.com,Consultora Norte,2026-06-29T09:09:00,2026-06-29T16:42:00,
alvaro.serrano@consultora.com,Consultora Norte,2026-06-26T08:48:00,2026-06-26T16:06:00,
alvaro.serrano@consultora.com,Consultora Norte,2026-06-25T09:05:00,2026-06-25T16:59:00,
alvaro.serrano@consultora.com,Consultora Norte,2026-06-24T08:48:00,2026-06-24T16:34:00,
alvaro.serrano@consultora.com,Consultora Norte,2026-06-23T08:45:00,2026-06-23T16:40:00,
alvaro.serrano@consultora.com,Consultora Norte,2026-06-22T08:52:00,2026-06-22T16:52:00,
alvaro.serrano@consultora.com,Consultora Norte,2026-06-19T08:58:00,2026-06-19T16:13:00,
alvaro.serrano@consultora.com,Consultora Norte,2026-06-18T08:52:00,2026-06-18T16:43:00,
alvaro.serrano@consultora.com,Consultora Norte,2026-06-17T09:06:00,2026-06-17T17:03:00,
alvaro.serrano@consultora.com,Consultora Norte,2026-06-16T08:56:00,2026-06-16T16:15:00,
alvaro.serrano@consultora.com,Consultora Norte,2026-06-15T09:02:00,2026-06-15T16:49:00,
rocio.blanco@consultora.com,Consultora Norte,2026-07-10T09:01:00,2026-07-10T16:51:00,Reunion cliente
rocio.blanco@consultora.com,Consultora Norte,2026-07-09T08:46:00,2026-07-09T16:41:00,
rocio.blanco@consultora.com,Consultora Norte,2026-07-08T08:56:00,2026-07-08T16:27:00,
rocio.blanco@consultora.com,Consultora Norte,2026-07-07T08:56:00,2026-07-07T16:15:00,
rocio.blanco@consultora.com,Consultora Norte,2026-07-06T09:08:00,2026-07-06T17:05:00,
rocio.blanco@consultora.com,Consultora Norte,2026-07-03T09:09:00,2026-07-03T17:01:00,
rocio.blanco@consultora.com,Consultora Norte,2026-07-02T08:55:00,2026-07-02T16:18:00,Jornada intensiva
rocio.blanco@consultora.com,Consultora Norte,2026-07-01T08:55:00,2026-07-01T16:51:00,
rocio.blanco@consultora.com,Consultora Norte,2026-06-30T09:09:00,2026-06-30T17:07:00,
rocio.blanco@consultora.com,Consultora Norte,2026-06-29T09:07:00,2026-06-29T16:52:00,
rocio.blanco@consultora.com,Consultora Norte,2026-06-26T09:10:00,2026-06-26T16:33:00,Reunion cliente
rocio.blanco@consultora.com,Consultora Norte,2026-06-25T08:46:00,2026-06-25T16:19:00,
rocio.blanco@consultora.com,Consultora Norte,2026-06-24T09:10:00,2026-06-24T16:37:00,
rocio.blanco@consultora.com,Consultora Norte,2026-06-23T08:55:00,2026-06-23T16:29:00,
rocio.blanco@consultora.com,Consultora Norte,2026-06-22T09:11:00,2026-06-22T17:00:00,
rocio.blanco@consultora.com,Consultora Norte,2026-06-19T08:46:00,2026-06-19T16:42:00,
rocio.blanco@consultora.com,Consultora Norte,2026-06-18T08:56:00,2026-06-18T16:14:00,
rocio.blanco@consultora.com,Consultora Norte,2026-06-17T08:55:00,2026-06-17T16:27:00,
rocio.blanco@consultora.com,Consultora Norte,2026-06-16T08:56:00,2026-06-16T16:38:00,
rocio.blanco@consultora.com,Consultora Norte,2026-06-15T09:08:00,2026-06-15T16:51:00,
ismael.martinez@consultora.com,Consultora Norte,2026-07-10T08:57:00,2026-07-10T16:33:00,
ismael.martinez@consultora.com,Consultora Norte,2026-07-09T09:00:00,2026-07-09T16:59:00,
ismael.martinez@consultora.com,Consultora Norte,2026-07-08T09:14:00,2026-07-08T17:02:00,
ismael.martinez@consultora.com,Consultora Norte,2026-07-07T08:47:00,2026-07-07T16:29:00,Jornada intensiva
ismael.martinez@consultora.com,Consultora Norte,2026-07-06T09:11:00,2026-07-06T16:37:00,
ismael.martinez@consultora.com,Consultora Norte,2026-07-03T08:55:00,2026-07-03T16:16:00,
ismael.martinez@consultora.com,Consultora Norte,2026-07-02T09:06:00,2026-07-02T16:39:00,
ismael.martinez@consultora.com,Consultora Norte,2026-07-01T09:04:00,2026-07-01T17:04:00,
ismael.martinez@consultora.com,Consultora Norte,2026-06-30T09:07:00,2026-06-30T16:50:00,
ismael.martinez@consultora.com,Consultora Norte,2026-06-29T08:46:00,2026-06-29T16:23:00,
ismael.martinez@consultora.com,Consultora Norte,2026-06-26T08:58:00,2026-06-26T16:30:00,
ismael.martinez@consultora.com,Consultora Norte,2026-06-25T09:10:00,2026-06-25T16:28:00,Jornada intensiva
ismael.martinez@consultora.com,Consultora Norte,2026-06-24T08:57:00,2026-06-24T16:35:00,
ismael.martinez@consultora.com,Consultora Norte,2026-06-23T09:08:00,2026-06-23T17:06:00,
ismael.martinez@consultora.com,Consultora Norte,2026-06-22T08:45:00,2026-06-22T16:09:00,
ismael.martinez@consultora.com,Consultora Norte,2026-06-19T09:06:00,2026-06-19T16:49:00,Teletrabajo
ismael.martinez@consultora.com,Consultora Norte,2026-06-18T08:52:00,2026-06-18T16:48:00,
ismael.martinez@consultora.com,Consultora Norte,2026-06-17T08:57:00,2026-06-17T16:48:00,Teletrabajo
ismael.martinez@consultora.com,Consultora Norte,2026-06-16T09:06:00,2026-06-16T16:49:00,
ismael.martinez@consultora.com,Consultora Norte,2026-06-15T08:56:00,2026-06-15T16:39:00,
paula.blanco@consultora.com,Consultora Norte,2026-07-10T09:03:00,2026-07-10T16:26:00,
paula.blanco@consultora.com,Consultora Norte,2026-07-09T08:57:00,2026-07-09T16:32:00,
paula.blanco@consultora.com,Consultora Norte,2026-07-08T08:52:00,2026-07-08T16:14:00,Teletrabajo
paula.blanco@consultora.com,Consultora Norte,2026-07-07T09:00:00,2026-07-07T16:48:00,
paula.blanco@consultora.com,Consultora Norte,2026-07-06T09:02:00,2026-07-06T16:24:00,
paula.blanco@consultora.com,Consultora Norte,2026-07-03T08:53:00,2026-07-03T16:53:00,
paula.blanco@consultora.com,Consultora Norte,2026-07-02T09:04:00,2026-07-02T16:37:00,
paula.blanco@consultora.com,Consultora Norte,2026-07-01T09:00:00,2026-07-01T16:27:00,
paula.blanco@consultora.com,Consultora Norte,2026-06-30T09:12:00,2026-06-30T16:31:00,
paula.blanco@consultora.com,Consultora Norte,2026-06-29T09:13:00,2026-06-29T17:13:00,
paula.blanco@consultora.com,Consultora Norte,2026-06-26T08:47:00,2026-06-26T16:45:00,
paula.blanco@consultora.com,Consultora Norte,2026-06-25T08:55:00,2026-06-25T16:52:00,
paula.blanco@consultora.com,Consultora Norte,2026-06-24T08:47:00,2026-06-24T16:37:00,
paula.blanco@consultora.com,Consultora Norte,2026-06-23T09:13:00,2026-06-23T16:47:00,
paula.blanco@consultora.com,Consultora Norte,2026-06-22T09:07:00,2026-06-22T17:07:00,
paula.blanco@consultora.com,Consultora Norte,2026-06-19T09:05:00,2026-06-19T16:31:00,
paula.blanco@consultora.com,Consultora Norte,2026-06-18T09:01:00,2026-06-18T16:30:00,
paula.blanco@consultora.com,Consultora Norte,2026-06-17T08:51:00,2026-06-17T16:14:00,
paula.blanco@consultora.com,Consultora Norte,2026-06-16T09:00:00,2026-06-16T16:16:00,
paula.blanco@consultora.com,Consultora Norte,2026-06-15T09:03:00,2026-06-15T16:41:00,
diego.alvarez@consultora.com,Consultora Norte,2026-07-10T09:02:00,2026-07-10T16:25:00,
diego.alvarez@consultora.com,Consultora Norte,2026-07-09T08:47:00,2026-07-09T16:06:00,
diego.alvarez@consultora.com,Consultora Norte,2026-07-08T09:07:00,2026-07-08T16:52:00,
diego.alvarez@consultora.com,Consultora Norte,2026-07-07T09:09:00,2026-07-07T16:50:00,
diego.alvarez@consultora.com,Consultora Norte,2026-07-06T08:47:00,2026-07-06T16:10:00,
diego.alvarez@consultora.com,Consultora Norte,2026-07-03T09:05:00,2026-07-03T16:24:00,
diego.alvarez@consultora.com,Consultora Norte,2026-07-02T09:06:00,2026-07-02T16:54:00,
diego.alvarez@consultora.com,Consultora Norte,2026-07-01T09:13:00,2026-07-01T17:03:00,
diego.alvarez@consultora.com,Consultora Norte,2026-06-30T08:50:00,2026-06-30T16:13:00,
diego.alvarez@consultora.com,Consultora Norte,2026-06-29T09:14:00,2026-06-29T16:32:00,
diego.alvarez@consultora.com,Consultora Norte,2026-06-26T09:01:00,2026-06-26T16:25:00,
diego.alvarez@consultora.com,Consultora Norte,2026-06-25T08:50:00,2026-06-25T16:25:00,
diego.alvarez@consultora.com,Consultora Norte,2026-06-24T08:52:00,2026-06-24T16:29:00,
diego.alvarez@consultora.com,Consultora Norte,2026-06-23T09:01:00,2026-06-23T16:34:00,
diego.alvarez@consultora.com,Consultora Norte,2026-06-22T08:53:00,2026-06-22T16:20:00,
diego.alvarez@consultora.com,Consultora Norte,2026-06-19T09:02:00,2026-06-19T16:34:00,
diego.alvarez@consultora.com,Consultora Norte,2026-06-18T08:54:00,2026-06-18T16:48:00,
diego.alvarez@consultora.com,Consultora Norte,2026-06-17T09:01:00,2026-06-17T16:57:00,
diego.alvarez@consultora.com,Consultora Norte,2026-06-16T09:15:00,2026-06-16T17:07:00,
diego.alvarez@consultora.com,Consultora Norte,2026-06-15T09:06:00,2026-06-15T17:00:00,
marta.blanco@consultora.com,Consultora Norte,2026-07-10T09:04:00,2026-07-10T16:40:00,
marta.blanco@consultora.com,Consultora Norte,2026-07-09T09:03:00,2026-07-09T16:20:00,
marta.blanco@consultora.com,Consultora Norte,2026-07-08T08:45:00,2026-07-08T16:05:00,Jornada intensiva
marta.blanco@consultora.com,Consultora Norte,2026-07-07T09:09:00,2026-07-07T17:00:00,
marta.blanco@consultora.com,Consultora Norte,2026-07-06T08:51:00,2026-07-06T16:42:00,
marta.blanco@consultora.com,Consultora Norte,2026-07-03T09:05:00,2026-07-03T16:21:00,
marta.blanco@consultora.com,Consultora Norte,2026-07-02T09:05:00,2026-07-02T16:54:00,
marta.blanco@consultora.com,Consultora Norte,2026-07-01T09:15:00,2026-07-01T16:49:00,
marta.blanco@consultora.com,Consultora Norte,2026-06-30T09:10:00,2026-06-30T17:08:00,
marta.blanco@consultora.com,Consultora Norte,2026-06-29T08:59:00,2026-06-29T16:18:00,
marta.blanco@consultora.com,Consultora Norte,2026-06-26T08:50:00,2026-06-26T16:33:00,
marta.blanco@consultora.com,Consultora Norte,2026-06-25T08:59:00,2026-06-25T16:27:00,
marta.blanco@consultora.com,Consultora Norte,2026-06-24T08:49:00,2026-06-24T16:24:00,
marta.blanco@consultora.com,Consultora Norte,2026-06-23T08:55:00,2026-06-23T16:32:00,
marta.blanco@consultora.com,Consultora Norte,2026-06-22T08:49:00,2026-06-22T16:27:00,
marta.blanco@consultora.com,Consultora Norte,2026-06-19T08:48:00,2026-06-19T16:23:00,
marta.blanco@consultora.com,Consultora Norte,2026-06-18T08:48:00,2026-06-18T16:20:00,
marta.blanco@consultora.com,Consultora Norte,2026-06-17T08:49:00,2026-06-17T16:10:00,Reunion cliente
marta.blanco@consultora.com,Consultora Norte,2026-06-16T09:12:00,2026-06-16T17:06:00,
marta.blanco@consultora.com,Consultora Norte,2026-06-15T09:15:00,2026-06-15T16:40:00,
cristina.martinez@techsur.com,TechSur Soluciones,2026-07-10T09:14:00,2026-07-10T17:35:00,
cristina.martinez@techsur.com,TechSur Soluciones,2026-07-09T08:51:00,2026-07-09T16:46:00,
cristina.martinez@techsur.com,TechSur Soluciones,2026-07-08T09:01:00,2026-07-08T17:15:00,
cristina.martinez@techsur.com,TechSur Soluciones,2026-07-07T08:54:00,2026-07-07T17:10:00,Reunion cliente
cristina.martinez@techsur.com,TechSur Soluciones,2026-07-06T09:01:00,2026-07-06T17:15:00,
cristina.martinez@techsur.com,TechSur Soluciones,2026-07-03T08:51:00,2026-07-03T17:13:00,
cristina.martinez@techsur.com,TechSur Soluciones,2026-07-02T08:46:00,2026-07-02T16:49:00,
cristina.martinez@techsur.com,TechSur Soluciones,2026-07-01T09:13:00,2026-07-01T17:39:00,
cristina.martinez@techsur.com,TechSur Soluciones,2026-06-30T08:54:00,2026-06-30T17:13:00,Teletrabajo
cristina.martinez@techsur.com,TechSur Soluciones,2026-06-29T08:58:00,2026-06-29T16:51:00,
cristina.martinez@techsur.com,TechSur Soluciones,2026-06-26T09:08:00,2026-06-26T17:16:00,
cristina.martinez@techsur.com,TechSur Soluciones,2026-06-25T08:56:00,2026-06-25T16:43:00,
cristina.martinez@techsur.com,TechSur Soluciones,2026-06-24T09:03:00,2026-06-24T17:23:00,
cristina.martinez@techsur.com,TechSur Soluciones,2026-06-23T09:02:00,2026-06-23T17:05:00,Jornada intensiva
cristina.martinez@techsur.com,TechSur Soluciones,2026-06-22T08:59:00,2026-06-22T17:19:00,
cristina.martinez@techsur.com,TechSur Soluciones,2026-06-19T09:04:00,2026-06-19T17:32:00,
cristina.martinez@techsur.com,TechSur Soluciones,2026-06-18T08:49:00,2026-06-18T16:40:00,
cristina.martinez@techsur.com,TechSur Soluciones,2026-06-17T09:10:00,2026-06-17T17:16:00,
cristina.martinez@techsur.com,TechSur Soluciones,2026-06-16T08:56:00,2026-06-16T16:50:00,
cristina.martinez@techsur.com,TechSur Soluciones,2026-06-15T09:01:00,2026-06-15T17:11:00,
sergio.perez@techsur.com,TechSur Soluciones,2026-07-10T08:46:00,2026-07-10T16:33:00,
sergio.perez@techsur.com,TechSur Soluciones,2026-07-09T08:55:00,2026-07-09T17:10:00,
sergio.perez@techsur.com,TechSur Soluciones,2026-07-08T08:49:00,2026-07-08T17:12:00,
sergio.perez@techsur.com,TechSur Soluciones,2026-07-07T08:49:00,2026-07-07T16:54:00,
sergio.perez@techsur.com,TechSur Soluciones,2026-07-06T08:55:00,2026-07-06T16:50:00,
sergio.perez@techsur.com,TechSur Soluciones,2026-07-03T09:04:00,2026-07-03T17:08:00,
sergio.perez@techsur.com,TechSur Soluciones,2026-07-02T09:01:00,2026-07-02T17:18:00,
sergio.perez@techsur.com,TechSur Soluciones,2026-07-01T09:07:00,2026-07-01T17:28:00,
sergio.perez@techsur.com,TechSur Soluciones,2026-06-30T09:11:00,2026-06-30T16:57:00,
sergio.perez@techsur.com,TechSur Soluciones,2026-06-29T09:06:00,2026-06-29T16:58:00,
sergio.perez@techsur.com,TechSur Soluciones,2026-06-26T09:03:00,2026-06-26T17:07:00,
sergio.perez@techsur.com,TechSur Soluciones,2026-06-25T09:08:00,2026-06-25T17:37:00,
sergio.perez@techsur.com,TechSur Soluciones,2026-06-24T09:04:00,2026-06-24T17:19:00,
sergio.perez@techsur.com,TechSur Soluciones,2026-06-23T09:05:00,2026-06-23T17:27:00,
sergio.perez@techsur.com,TechSur Soluciones,2026-06-22T09:08:00,2026-06-22T16:56:00,
sergio.perez@techsur.com,TechSur Soluciones,2026-06-19T08:50:00,2026-06-19T17:08:00,
sergio.perez@techsur.com,TechSur Soluciones,2026-06-18T09:04:00,2026-06-18T17:13:00,
sergio.perez@techsur.com,TechSur Soluciones,2026-06-17T09:06:00,2026-06-17T17:06:00,Jornada intensiva
sergio.perez@techsur.com,TechSur Soluciones,2026-06-16T08:48:00,2026-06-16T16:45:00,Reunion cliente
sergio.perez@techsur.com,TechSur Soluciones,2026-06-15T08:58:00,2026-06-15T16:52:00,
cristina.torres@techsur.com,TechSur Soluciones,2026-07-10T08:51:00,2026-07-10T17:02:00,
cristina.torres@techsur.com,TechSur Soluciones,2026-07-09T09:04:00,2026-07-09T17:19:00,
cristina.torres@techsur.com,TechSur Soluciones,2026-07-08T09:08:00,2026-07-08T16:56:00,
cristina.torres@techsur.com,TechSur Soluciones,2026-07-07T09:01:00,2026-07-07T16:59:00,
cristina.torres@techsur.com,TechSur Soluciones,2026-07-06T09:06:00,2026-07-06T17:21:00,
cristina.torres@techsur.com,TechSur Soluciones,2026-07-03T08:55:00,2026-07-03T16:51:00,
cristina.torres@techsur.com,TechSur Soluciones,2026-07-02T09:02:00,2026-07-02T17:08:00,
cristina.torres@techsur.com,TechSur Soluciones,2026-07-01T09:06:00,2026-07-01T17:34:00,
cristina.torres@techsur.com,TechSur Soluciones,2026-06-30T09:07:00,2026-06-30T17:08:00,
cristina.torres@techsur.com,TechSur Soluciones,2026-06-29T08:51:00,2026-06-29T16:51:00,
cristina.torres@techsur.com,TechSur Soluciones,2026-06-26T08:54:00,2026-06-26T16:53:00,
cristina.torres@techsur.com,TechSur Soluciones,2026-06-25T08:54:00,2026-06-25T16:57:00,
cristina.torres@techsur.com,TechSur Soluciones,2026-06-24T09:07:00,2026-06-24T17:37:00,
cristina.torres@techsur.com,TechSur Soluciones,2026-06-23T09:00:00,2026-06-23T17:07:00,
cristina.torres@techsur.com,TechSur Soluciones,2026-06-22T09:14:00,2026-06-22T17:16:00,
cristina.torres@techsur.com,TechSur Soluciones,2026-06-19T09:03:00,2026-06-19T17:31:00,
cristina.torres@techsur.com,TechSur Soluciones,2026-06-18T09:13:00,2026-06-18T17:23:00,
cristina.torres@techsur.com,TechSur Soluciones,2026-06-17T09:15:00,2026-06-17T17:09:00,
cristina.torres@techsur.com,TechSur Soluciones,2026-06-16T08:54:00,2026-06-16T17:24:00,Reunion cliente
cristina.torres@techsur.com,TechSur Soluciones,2026-06-15T09:05:00,2026-06-15T17:06:00,
laura.navarro@techsur.com,TechSur Soluciones,2026-07-10T08:51:00,2026-07-10T16:48:00,
laura.navarro@techsur.com,TechSur Soluciones,2026-07-09T08:53:00,2026-07-09T17:13:00,
laura.navarro@techsur.com,TechSur Soluciones,2026-07-08T08:49:00,2026-07-08T16:40:00,
laura.navarro@techsur.com,TechSur Soluciones,2026-07-07T09:03:00,2026-07-07T17:03:00,
laura.navarro@techsur.com,TechSur Soluciones,2026-07-06T09:06:00,2026-07-06T17:24:00,
laura.navarro@techsur.com,TechSur Soluciones,2026-07-03T08:52:00,2026-07-03T16:40:00,
laura.navarro@techsur.com,TechSur Soluciones,2026-07-02T08:55:00,2026-07-02T17:25:00,
laura.navarro@techsur.com,TechSur Soluciones,2026-07-01T09:06:00,2026-07-01T16:59:00,Jornada intensiva
laura.navarro@techsur.com,TechSur Soluciones,2026-06-30T09:14:00,2026-06-30T17:09:00,
laura.navarro@techsur.com,TechSur Soluciones,2026-06-29T09:14:00,2026-06-29T17:29:00,
laura.navarro@techsur.com,TechSur Soluciones,2026-06-26T08:51:00,2026-06-26T16:54:00,
laura.navarro@techsur.com,TechSur Soluciones,2026-06-25T09:05:00,2026-06-25T16:53:00,
laura.navarro@techsur.com,TechSur Soluciones,2026-06-24T08:47:00,2026-06-24T17:13:00,
laura.navarro@techsur.com,TechSur Soluciones,2026-06-23T09:02:00,2026-06-23T16:49:00,
laura.navarro@techsur.com,TechSur Soluciones,2026-06-22T08:50:00,2026-06-22T17:01:00,
laura.navarro@techsur.com,TechSur Soluciones,2026-06-19T08:50:00,2026-06-19T16:37:00,
laura.navarro@techsur.com,TechSur Soluciones,2026-06-18T08:57:00,2026-06-18T17:13:00,
laura.navarro@techsur.com,TechSur Soluciones,2026-06-17T09:08:00,2026-06-17T17:11:00,
laura.navarro@techsur.com,TechSur Soluciones,2026-06-16T08:45:00,2026-06-16T16:49:00,
laura.navarro@techsur.com,TechSur Soluciones,2026-06-15T08:48:00,2026-06-15T16:54:00,
irene.romero@techsur.com,TechSur Soluciones,2026-07-10T09:05:00,2026-07-10T17:24:00,
irene.romero@techsur.com,TechSur Soluciones,2026-07-09T09:13:00,2026-07-09T17:06:00,
irene.romero@techsur.com,TechSur Soluciones,2026-07-08T08:59:00,2026-07-08T17:01:00,
irene.romero@techsur.com,TechSur Soluciones,2026-07-07T08:48:00,2026-07-07T16:54:00,
irene.romero@techsur.com,TechSur Soluciones,2026-07-06T08:59:00,2026-07-06T17:25:00,
irene.romero@techsur.com,TechSur Soluciones,2026-07-03T08:50:00,2026-07-03T16:35:00,
irene.romero@techsur.com,TechSur Soluciones,2026-07-02T09:10:00,2026-07-02T17:13:00,
irene.romero@techsur.com,TechSur Soluciones,2026-07-01T09:09:00,2026-07-01T17:06:00,
irene.romero@techsur.com,TechSur Soluciones,2026-06-30T09:12:00,2026-06-30T17:37:00,
irene.romero@techsur.com,TechSur Soluciones,2026-06-29T09:11:00,2026-06-29T17:23:00,
irene.romero@techsur.com,TechSur Soluciones,2026-06-26T08:47:00,2026-06-26T16:57:00,
irene.romero@techsur.com,TechSur Soluciones,2026-06-25T08:50:00,2026-06-25T16:43:00,
irene.romero@techsur.com,TechSur Soluciones,2026-06-24T09:14:00,2026-06-24T17:14:00,Reunion cliente
irene.romero@techsur.com,TechSur Soluciones,2026-06-23T08:52:00,2026-06-23T17:05:00,
irene.romero@techsur.com,TechSur Soluciones,2026-06-22T09:15:00,2026-06-22T17:21:00,
irene.romero@techsur.com,TechSur Soluciones,2026-06-19T09:08:00,2026-06-19T17:29:00,Jornada intensiva
irene.romero@techsur.com,TechSur Soluciones,2026-06-18T08:56:00,2026-06-18T17:25:00,
irene.romero@techsur.com,TechSur Soluciones,2026-06-17T09:06:00,2026-06-17T16:58:00,
irene.romero@techsur.com,TechSur Soluciones,2026-06-16T08:50:00,2026-06-16T17:00:00,
irene.romero@techsur.com,TechSur Soluciones,2026-06-15T09:14:00,2026-06-15T17:44:00,
ruben.gomez@techsur.com,TechSur Soluciones,2026-07-10T09:07:00,2026-07-10T16:59:00,
ruben.gomez@techsur.com,TechSur Soluciones,2026-07-09T09:15:00,2026-07-09T17:18:00,
ruben.gomez@techsur.com,TechSur Soluciones,2026-07-08T08:52:00,2026-07-08T16:51:00,
ruben.gomez@techsur.com,TechSur Soluciones,2026-07-07T09:00:00,2026-07-07T16:54:00,
ruben.gomez@techsur.com,TechSur Soluciones,2026-07-06T09:04:00,2026-07-06T17:12:00,
ruben.gomez@techsur.com,TechSur Soluciones,2026-07-03T09:02:00,2026-07-03T17:17:00,
ruben.gomez@techsur.com,TechSur Soluciones,2026-07-02T09:10:00,2026-07-02T17:37:00,
ruben.gomez@techsur.com,TechSur Soluciones,2026-07-01T09:09:00,2026-07-01T17:09:00,
ruben.gomez@techsur.com,TechSur Soluciones,2026-06-30T09:04:00,2026-06-30T16:54:00,
ruben.gomez@techsur.com,TechSur Soluciones,2026-06-29T09:01:00,2026-06-29T17:31:00,
ruben.gomez@techsur.com,TechSur Soluciones,2026-06-26T09:14:00,2026-06-26T17:35:00,
ruben.gomez@techsur.com,TechSur Soluciones,2026-06-25T09:11:00,2026-06-25T17:31:00,
ruben.gomez@techsur.com,TechSur Soluciones,2026-06-24T08:51:00,2026-06-24T17:12:00,
ruben.gomez@techsur.com,TechSur Soluciones,2026-06-23T08:50:00,2026-06-23T16:55:00,
ruben.gomez@techsur.com,TechSur Soluciones,2026-06-22T08:59:00,2026-06-22T16:51:00,
ruben.gomez@techsur.com,TechSur Soluciones,2026-06-19T09:07:00,2026-06-19T17:29:00,
ruben.gomez@techsur.com,TechSur Soluciones,2026-06-18T09:13:00,2026-06-18T17:30:00,
ruben.gomez@techsur.com,TechSur Soluciones,2026-06-17T08:46:00,2026-06-17T17:00:00,
ruben.gomez@techsur.com,TechSur Soluciones,2026-06-16T08:58:00,2026-06-16T17:12:00,
ruben.gomez@techsur.com,TechSur Soluciones,2026-06-15T09:02:00,2026-06-15T17:16:00,
silvia.ruiz@techsur.com,TechSur Soluciones,2026-07-10T08:54:00,2026-07-10T16:40:00,
silvia.ruiz@techsur.com,TechSur Soluciones,2026-07-09T09:11:00,2026-07-09T16:56:00,
silvia.ruiz@techsur.com,TechSur Soluciones,2026-07-08T09:03:00,2026-07-08T16:52:00,Reunion cliente
silvia.ruiz@techsur.com,TechSur Soluciones,2026-07-07T09:07:00,2026-07-07T16:56:00,
silvia.ruiz@techsur.com,TechSur Soluciones,2026-07-06T08:46:00,2026-07-06T16:35:00,
silvia.ruiz@techsur.com,TechSur Soluciones,2026-07-03T09:00:00,2026-07-03T16:47:00,
silvia.ruiz@techsur.com,TechSur Soluciones,2026-07-02T08:50:00,2026-07-02T16:43:00,
silvia.ruiz@techsur.com,TechSur Soluciones,2026-07-01T09:08:00,2026-07-01T17:34:00,
silvia.ruiz@techsur.com,TechSur Soluciones,2026-06-30T08:56:00,2026-06-30T17:05:00,
silvia.ruiz@techsur.com,TechSur Soluciones,2026-06-29T09:14:00,2026-06-29T17:23:00,
silvia.ruiz@techsur.com,TechSur Soluciones,2026-06-26T09:06:00,2026-06-26T17:33:00,
silvia.ruiz@techsur.com,TechSur Soluciones,2026-06-25T08:49:00,2026-06-25T17:15:00,
silvia.ruiz@techsur.com,TechSur Soluciones,2026-06-24T08:48:00,2026-06-24T16:44:00,
silvia.ruiz@techsur.com,TechSur Soluciones,2026-06-23T08:57:00,2026-06-23T17:15:00,
silvia.ruiz@techsur.com,TechSur Soluciones,2026-06-22T08:52:00,2026-06-22T16:37:00,
silvia.ruiz@techsur.com,TechSur Soluciones,2026-06-19T08:54:00,2026-06-19T17:08:00,
silvia.ruiz@techsur.com,TechSur Soluciones,2026-06-18T09:02:00,2026-06-18T17:14:00,
silvia.ruiz@techsur.com,TechSur Soluciones,2026-06-17T09:11:00,2026-06-17T17:10:00,
silvia.ruiz@techsur.com,TechSur Soluciones,2026-06-16T08:56:00,2026-06-16T16:50:00,
silvia.ruiz@techsur.com,TechSur Soluciones,2026-06-15T09:14:00,2026-06-15T17:06:00,Jornada intensiva
marina.perez@techsur.com,TechSur Soluciones,2026-07-10T08:58:00,2026-07-10T17:22:00,
marina.perez@techsur.com,TechSur Soluciones,2026-07-09T09:13:00,2026-07-09T16:59:00,
marina.perez@techsur.com,TechSur Soluciones,2026-07-08T08:47:00,2026-07-08T16:38:00,
marina.perez@techsur.com,TechSur Soluciones,2026-07-07T08:59:00,2026-07-07T17:22:00,
marina.perez@techsur.com,TechSur Soluciones,2026-07-06T09:12:00,2026-07-06T17:00:00,
marina.perez@techsur.com,TechSur Soluciones,2026-07-03T08:46:00,2026-07-03T16:56:00,
marina.perez@techsur.com,TechSur Soluciones,2026-07-02T09:02:00,2026-07-02T17:00:00,
marina.perez@techsur.com,TechSur Soluciones,2026-07-01T09:09:00,2026-07-01T16:57:00,
marina.perez@techsur.com,TechSur Soluciones,2026-06-30T08:54:00,2026-06-30T16:53:00,
marina.perez@techsur.com,TechSur Soluciones,2026-06-29T09:08:00,2026-06-29T17:29:00,
marina.perez@techsur.com,TechSur Soluciones,2026-06-26T09:04:00,2026-06-26T17:32:00,
marina.perez@techsur.com,TechSur Soluciones,2026-06-25T08:52:00,2026-06-25T16:56:00,
marina.perez@techsur.com,TechSur Soluciones,2026-06-24T09:06:00,2026-06-24T17:24:00,
marina.perez@techsur.com,TechSur Soluciones,2026-06-23T08:54:00,2026-06-23T16:56:00,Jornada intensiva
marina.perez@techsur.com,TechSur Soluciones,2026-06-22T09:13:00,2026-06-22T17:09:00,
marina.perez@techsur.com,TechSur Soluciones,2026-06-19T08:58:00,2026-06-19T17:18:00,
marina.perez@techsur.com,TechSur Soluciones,2026-06-18T08:56:00,2026-06-18T17:22:00,
marina.perez@techsur.com,TechSur Soluciones,2026-06-17T09:10:00,2026-06-17T17:28:00,
marina.perez@techsur.com,TechSur Soluciones,2026-06-16T08:58:00,2026-06-16T17:09:00,
marina.perez@techsur.com,TechSur Soluciones,2026-06-15T08:57:00,2026-06-15T16:53:00,
carlos.martinez@techsur.com,TechSur Soluciones,2026-07-10T09:00:00,2026-07-10T17:00:00,
carlos.martinez@techsur.com,TechSur Soluciones,2026-07-09T08:54:00,2026-07-09T17:24:00,
carlos.martinez@techsur.com,TechSur Soluciones,2026-07-08T08:59:00,2026-07-08T16:47:00,
carlos.martinez@techsur.com,TechSur Soluciones,2026-07-07T09:15:00,2026-07-07T17:26:00,
carlos.martinez@techsur.com,TechSur Soluciones,2026-07-06T08:49:00,2026-07-06T16:58:00,
carlos.martinez@techsur.com,TechSur Soluciones,2026-07-03T08:51:00,2026-07-03T16:57:00,
carlos.martinez@techsur.com,TechSur Soluciones,2026-07-02T09:14:00,2026-07-02T17:27:00,
carlos.martinez@techsur.com,TechSur Soluciones,2026-07-01T08:47:00,2026-07-01T17:06:00,
carlos.martinez@techsur.com,TechSur Soluciones,2026-06-30T08:51:00,2026-06-30T16:39:00,
carlos.martinez@techsur.com,TechSur Soluciones,2026-06-29T09:06:00,2026-06-29T17:29:00,
carlos.martinez@techsur.com,TechSur Soluciones,2026-06-26T09:12:00,2026-06-26T17:01:00,
carlos.martinez@techsur.com,TechSur Soluciones,2026-06-25T09:09:00,2026-06-25T17:31:00,
carlos.martinez@techsur.com,TechSur Soluciones,2026-06-24T09:02:00,2026-06-24T17:00:00,
carlos.martinez@techsur.com,TechSur Soluciones,2026-06-23T09:12:00,2026-06-23T17:18:00,
carlos.martinez@techsur.com,TechSur Soluciones,2026-06-22T09:14:00,2026-06-22T16:59:00,
carlos.martinez@techsur.com,TechSur Soluciones,2026-06-19T08:51:00,2026-06-19T16:43:00,
carlos.martinez@techsur.com,TechSur Soluciones,2026-06-18T09:09:00,2026-06-18T17:24:00,
carlos.martinez@techsur.com,TechSur Soluciones,2026-06-17T09:07:00,2026-06-17T17:30:00,
carlos.martinez@techsur.com,TechSur Soluciones,2026-06-16T08:57:00,2026-06-16T16:57:00,
carlos.martinez@techsur.com,TechSur Soluciones,2026-06-15T09:09:00,2026-06-15T17:12:00,
adrian.vazquez@retail.com,Retail Andalucia SL,2026-07-10T09:02:00,2026-07-10T17:28:00,
adrian.vazquez@retail.com,Retail Andalucia SL,2026-07-09T08:53:00,2026-07-09T17:01:00,
adrian.vazquez@retail.com,Retail Andalucia SL,2026-07-08T09:00:00,2026-07-08T17:14:00,
adrian.vazquez@retail.com,Retail Andalucia SL,2026-07-07T09:08:00,2026-07-07T17:23:00,
adrian.vazquez@retail.com,Retail Andalucia SL,2026-07-06T08:55:00,2026-07-06T16:53:00,
adrian.vazquez@retail.com,Retail Andalucia SL,2026-07-03T08:58:00,2026-07-03T16:45:00,
adrian.vazquez@retail.com,Retail Andalucia SL,2026-07-02T08:52:00,2026-07-02T16:46:00,Jornada intensiva
adrian.vazquez@retail.com,Retail Andalucia SL,2026-07-01T09:14:00,2026-07-01T17:36:00,
adrian.vazquez@retail.com,Retail Andalucia SL,2026-06-30T08:58:00,2026-06-30T17:01:00,
adrian.vazquez@retail.com,Retail Andalucia SL,2026-06-29T08:55:00,2026-06-29T16:54:00,
adrian.vazquez@retail.com,Retail Andalucia SL,2026-06-26T09:11:00,2026-06-26T17:11:00,
adrian.vazquez@retail.com,Retail Andalucia SL,2026-06-25T09:05:00,2026-06-25T17:33:00,
adrian.vazquez@retail.com,Retail Andalucia SL,2026-06-24T09:09:00,2026-06-24T17:25:00,
adrian.vazquez@retail.com,Retail Andalucia SL,2026-06-23T09:05:00,2026-06-23T17:21:00,
adrian.vazquez@retail.com,Retail Andalucia SL,2026-06-22T09:08:00,2026-06-22T17:15:00,
adrian.vazquez@retail.com,Retail Andalucia SL,2026-06-19T09:08:00,2026-06-19T17:27:00,
adrian.vazquez@retail.com,Retail Andalucia SL,2026-06-18T09:14:00,2026-06-18T17:33:00,
adrian.vazquez@retail.com,Retail Andalucia SL,2026-06-17T09:15:00,2026-06-17T17:03:00,
adrian.vazquez@retail.com,Retail Andalucia SL,2026-06-16T09:11:00,2026-06-16T17:00:00,
adrian.vazquez@retail.com,Retail Andalucia SL,2026-06-15T09:06:00,2026-06-15T16:54:00,
elena.diaz@retail.com,Retail Andalucia SL,2026-07-10T08:58:00,2026-07-10T16:51:00,
elena.diaz@retail.com,Retail Andalucia SL,2026-07-09T08:52:00,2026-07-09T16:41:00,
elena.diaz@retail.com,Retail Andalucia SL,2026-07-08T08:45:00,2026-07-08T16:43:00,
elena.diaz@retail.com,Retail Andalucia SL,2026-07-07T08:56:00,2026-07-07T16:44:00,
elena.diaz@retail.com,Retail Andalucia SL,2026-07-06T09:06:00,2026-07-06T17:30:00,
elena.diaz@retail.com,Retail Andalucia SL,2026-07-03T09:06:00,2026-07-03T17:22:00,Jornada intensiva
elena.diaz@retail.com,Retail Andalucia SL,2026-07-02T09:02:00,2026-07-02T17:13:00,Jornada intensiva
elena.diaz@retail.com,Retail Andalucia SL,2026-07-01T09:08:00,2026-07-01T17:10:00,
elena.diaz@retail.com,Retail Andalucia SL,2026-06-30T08:54:00,2026-06-30T16:40:00,
elena.diaz@retail.com,Retail Andalucia SL,2026-06-29T09:07:00,2026-06-29T17:35:00,
elena.diaz@retail.com,Retail Andalucia SL,2026-06-26T09:15:00,2026-06-26T17:11:00,
elena.diaz@retail.com,Retail Andalucia SL,2026-06-25T08:48:00,2026-06-25T17:06:00,
elena.diaz@retail.com,Retail Andalucia SL,2026-06-24T08:51:00,2026-06-24T17:15:00,
elena.diaz@retail.com,Retail Andalucia SL,2026-06-23T09:11:00,2026-06-23T17:18:00,
elena.diaz@retail.com,Retail Andalucia SL,2026-06-22T08:57:00,2026-06-22T16:47:00,
elena.diaz@retail.com,Retail Andalucia SL,2026-06-19T08:57:00,2026-06-19T17:11:00,
elena.diaz@retail.com,Retail Andalucia SL,2026-06-18T09:07:00,2026-06-18T17:06:00,
elena.diaz@retail.com,Retail Andalucia SL,2026-06-17T09:11:00,2026-06-17T17:01:00,
elena.diaz@retail.com,Retail Andalucia SL,2026-06-16T09:12:00,2026-06-16T17:38:00,
elena.diaz@retail.com,Retail Andalucia SL,2026-06-15T08:47:00,2026-06-15T16:57:00,
adrian.sanchez@retail.com,Retail Andalucia SL,2026-07-10T09:02:00,2026-07-10T17:17:00,Teletrabajo
adrian.sanchez@retail.com,Retail Andalucia SL,2026-07-09T09:07:00,2026-07-09T17:02:00,
adrian.sanchez@retail.com,Retail Andalucia SL,2026-07-08T09:12:00,2026-07-08T17:24:00,
adrian.sanchez@retail.com,Retail Andalucia SL,2026-07-07T08:55:00,2026-07-07T17:16:00,
adrian.sanchez@retail.com,Retail Andalucia SL,2026-07-06T08:48:00,2026-07-06T17:06:00,
adrian.sanchez@retail.com,Retail Andalucia SL,2026-07-03T08:52:00,2026-07-03T16:50:00,
adrian.sanchez@retail.com,Retail Andalucia SL,2026-07-02T09:07:00,2026-07-02T17:28:00,
adrian.sanchez@retail.com,Retail Andalucia SL,2026-07-01T08:46:00,2026-07-01T16:35:00,
adrian.sanchez@retail.com,Retail Andalucia SL,2026-06-30T08:53:00,2026-06-30T17:12:00,
adrian.sanchez@retail.com,Retail Andalucia SL,2026-06-29T08:46:00,2026-06-29T16:42:00,
adrian.sanchez@retail.com,Retail Andalucia SL,2026-06-26T08:55:00,2026-06-26T16:41:00,
adrian.sanchez@retail.com,Retail Andalucia SL,2026-06-25T09:03:00,2026-06-25T16:57:00,
adrian.sanchez@retail.com,Retail Andalucia SL,2026-06-24T09:07:00,2026-06-24T17:17:00,
adrian.sanchez@retail.com,Retail Andalucia SL,2026-06-23T08:54:00,2026-06-23T16:49:00,
adrian.sanchez@retail.com,Retail Andalucia SL,2026-06-22T09:03:00,2026-06-22T17:12:00,
adrian.sanchez@retail.com,Retail Andalucia SL,2026-06-19T09:02:00,2026-06-19T17:08:00,
adrian.sanchez@retail.com,Retail Andalucia SL,2026-06-18T09:08:00,2026-06-18T17:01:00,
adrian.sanchez@retail.com,Retail Andalucia SL,2026-06-17T09:07:00,2026-06-17T16:57:00,
adrian.sanchez@retail.com,Retail Andalucia SL,2026-06-16T08:56:00,2026-06-16T16:44:00,
adrian.sanchez@retail.com,Retail Andalucia SL,2026-06-15T08:52:00,2026-06-15T16:41:00,
cristina.romero@retail.com,Retail Andalucia SL,2026-07-10T09:09:00,2026-07-10T17:33:00,
cristina.romero@retail.com,Retail Andalucia SL,2026-07-09T08:57:00,2026-07-09T17:02:00,Reunion cliente
cristina.romero@retail.com,Retail Andalucia SL,2026-07-08T09:10:00,2026-07-08T17:23:00,
cristina.romero@retail.com,Retail Andalucia SL,2026-07-07T08:56:00,2026-07-07T17:16:00,
cristina.romero@retail.com,Retail Andalucia SL,2026-07-06T08:58:00,2026-07-06T16:54:00,
cristina.romero@retail.com,Retail Andalucia SL,2026-07-03T09:06:00,2026-07-03T17:15:00,
cristina.romero@retail.com,Retail Andalucia SL,2026-07-02T09:04:00,2026-07-02T17:07:00,
cristina.romero@retail.com,Retail Andalucia SL,2026-07-01T09:07:00,2026-07-01T16:56:00,
cristina.romero@retail.com,Retail Andalucia SL,2026-06-30T08:49:00,2026-06-30T16:58:00,
cristina.romero@retail.com,Retail Andalucia SL,2026-06-29T09:05:00,2026-06-29T16:59:00,
cristina.romero@retail.com,Retail Andalucia SL,2026-06-26T08:55:00,2026-06-26T17:03:00,
cristina.romero@retail.com,Retail Andalucia SL,2026-06-25T08:45:00,2026-06-25T16:49:00,
cristina.romero@retail.com,Retail Andalucia SL,2026-06-24T09:09:00,2026-06-24T17:11:00,
cristina.romero@retail.com,Retail Andalucia SL,2026-06-23T08:47:00,2026-06-23T16:43:00,
cristina.romero@retail.com,Retail Andalucia SL,2026-06-22T09:02:00,2026-06-22T17:22:00,
cristina.romero@retail.com,Retail Andalucia SL,2026-06-19T08:48:00,2026-06-19T16:34:00,
cristina.romero@retail.com,Retail Andalucia SL,2026-06-18T09:02:00,2026-06-18T16:52:00,
cristina.romero@retail.com,Retail Andalucia SL,2026-06-17T09:10:00,2026-06-17T17:15:00,
cristina.romero@retail.com,Retail Andalucia SL,2026-06-16T08:45:00,2026-06-16T16:48:00,
cristina.romero@retail.com,Retail Andalucia SL,2026-06-15T09:09:00,2026-06-15T16:59:00,
miguel.gomez@retail.com,Retail Andalucia SL,2026-07-10T09:02:00,2026-07-10T17:02:00,
miguel.gomez@retail.com,Retail Andalucia SL,2026-07-09T08:50:00,2026-07-09T17:18:00,
miguel.gomez@retail.com,Retail Andalucia SL,2026-07-08T08:49:00,2026-07-08T16:51:00,
miguel.gomez@retail.com,Retail Andalucia SL,2026-07-07T09:00:00,2026-07-07T16:54:00,Reunion cliente
miguel.gomez@retail.com,Retail Andalucia SL,2026-07-06T08:53:00,2026-07-06T17:04:00,
miguel.gomez@retail.com,Retail Andalucia SL,2026-07-03T09:10:00,2026-07-03T16:59:00,
miguel.gomez@retail.com,Retail Andalucia SL,2026-07-02T09:15:00,2026-07-02T17:15:00,
miguel.gomez@retail.com,Retail Andalucia SL,2026-07-01T09:00:00,2026-07-01T17:23:00,
miguel.gomez@retail.com,Retail Andalucia SL,2026-06-30T08:59:00,2026-06-30T16:50:00,
miguel.gomez@retail.com,Retail Andalucia SL,2026-06-29T08:45:00,2026-06-29T16:55:00,
miguel.gomez@retail.com,Retail Andalucia SL,2026-06-26T09:04:00,2026-06-26T17:13:00,
miguel.gomez@retail.com,Retail Andalucia SL,2026-06-25T08:55:00,2026-06-25T17:08:00,
miguel.gomez@retail.com,Retail Andalucia SL,2026-06-24T09:11:00,2026-06-24T17:37:00,
miguel.gomez@retail.com,Retail Andalucia SL,2026-06-23T08:49:00,2026-06-23T16:53:00,
miguel.gomez@retail.com,Retail Andalucia SL,2026-06-22T09:15:00,2026-06-22T17:44:00,
miguel.gomez@retail.com,Retail Andalucia SL,2026-06-19T08:55:00,2026-06-19T16:51:00,
miguel.gomez@retail.com,Retail Andalucia SL,2026-06-18T09:15:00,2026-06-18T17:20:00,
miguel.gomez@retail.com,Retail Andalucia SL,2026-06-17T09:07:00,2026-06-17T17:32:00,
miguel.gomez@retail.com,Retail Andalucia SL,2026-06-16T09:03:00,2026-06-16T17:03:00,
miguel.gomez@retail.com,Retail Andalucia SL,2026-06-15T08:53:00,2026-06-15T17:03:00,
sara.navarro@retail.com,Retail Andalucia SL,2026-07-10T09:14:00,2026-07-10T17:35:00,
sara.navarro@retail.com,Retail Andalucia SL,2026-07-09T09:02:00,2026-07-09T16:58:00,
sara.navarro@retail.com,Retail Andalucia SL,2026-07-08T09:02:00,2026-07-08T16:48:00,
sara.navarro@retail.com,Retail Andalucia SL,2026-07-07T08:59:00,2026-07-07T17:29:00,
sara.navarro@retail.com,Retail Andalucia SL,2026-07-06T09:10:00,2026-07-06T17:13:00,
sara.navarro@retail.com,Retail Andalucia SL,2026-07-03T08:47:00,2026-07-03T16:58:00,
sara.navarro@retail.com,Retail Andalucia SL,2026-07-02T08:49:00,2026-07-02T17:14:00,
sara.navarro@retail.com,Retail Andalucia SL,2026-07-01T08:53:00,2026-07-01T17:20:00,
sara.navarro@retail.com,Retail Andalucia SL,2026-06-30T08:58:00,2026-06-30T17:07:00,Jornada intensiva
sara.navarro@retail.com,Retail Andalucia SL,2026-06-29T09:00:00,2026-06-29T17:22:00,
sara.navarro@retail.com,Retail Andalucia SL,2026-06-26T09:01:00,2026-06-26T17:30:00,
sara.navarro@retail.com,Retail Andalucia SL,2026-06-25T08:46:00,2026-06-25T16:54:00,
sara.navarro@retail.com,Retail Andalucia SL,2026-06-24T09:10:00,2026-06-24T17:29:00,
sara.navarro@retail.com,Retail Andalucia SL,2026-06-23T09:14:00,2026-06-23T17:04:00,
sara.navarro@retail.com,Retail Andalucia SL,2026-06-22T08:52:00,2026-06-22T17:19:00,
sara.navarro@retail.com,Retail Andalucia SL,2026-06-19T08:50:00,2026-06-19T17:16:00,
sara.navarro@retail.com,Retail Andalucia SL,2026-06-18T09:03:00,2026-06-18T17:29:00,
sara.navarro@retail.com,Retail Andalucia SL,2026-06-17T08:57:00,2026-06-17T17:03:00,
sara.navarro@retail.com,Retail Andalucia SL,2026-06-16T08:58:00,2026-06-16T16:49:00,Reunion cliente
sara.navarro@retail.com,Retail Andalucia SL,2026-06-15T08:52:00,2026-06-15T17:09:00,
paula.moreno@retail.com,Retail Andalucia SL,2026-07-10T09:02:00,2026-07-10T17:24:00,
paula.moreno@retail.com,Retail Andalucia SL,2026-07-09T08:52:00,2026-07-09T17:05:00,
paula.moreno@retail.com,Retail Andalucia SL,2026-07-08T08:59:00,2026-07-08T17:27:00,
paula.moreno@retail.com,Retail Andalucia SL,2026-07-07T09:01:00,2026-07-07T16:55:00,
paula.moreno@retail.com,Retail Andalucia SL,2026-07-06T08:45:00,2026-07-06T17:00:00,
paula.moreno@retail.com,Retail Andalucia SL,2026-07-03T08:58:00,2026-07-03T16:48:00,
paula.moreno@retail.com,Retail Andalucia SL,2026-07-02T09:15:00,2026-07-02T17:09:00,
paula.moreno@retail.com,Retail Andalucia SL,2026-07-01T08:55:00,2026-07-01T17:09:00,
paula.moreno@retail.com,Retail Andalucia SL,2026-06-30T09:01:00,2026-06-30T17:16:00,
paula.moreno@retail.com,Retail Andalucia SL,2026-06-29T08:48:00,2026-06-29T17:01:00,
paula.moreno@retail.com,Retail Andalucia SL,2026-06-26T08:59:00,2026-06-26T17:04:00,Teletrabajo
paula.moreno@retail.com,Retail Andalucia SL,2026-06-25T09:10:00,2026-06-25T17:40:00,
paula.moreno@retail.com,Retail Andalucia SL,2026-06-24T09:12:00,2026-06-24T17:18:00,
paula.moreno@retail.com,Retail Andalucia SL,2026-06-23T09:06:00,2026-06-23T17:01:00,
paula.moreno@retail.com,Retail Andalucia SL,2026-06-22T09:08:00,2026-06-22T17:08:00,
paula.moreno@retail.com,Retail Andalucia SL,2026-06-19T09:02:00,2026-06-19T16:57:00,
paula.moreno@retail.com,Retail Andalucia SL,2026-06-18T08:58:00,2026-06-18T17:12:00,
paula.moreno@retail.com,Retail Andalucia SL,2026-06-17T08:57:00,2026-06-17T17:22:00,
paula.moreno@retail.com,Retail Andalucia SL,2026-06-16T09:05:00,2026-06-16T17:32:00,
paula.moreno@retail.com,Retail Andalucia SL,2026-06-15T08:45:00,2026-06-15T17:09:00,
sergio.vazquez@retail.com,Retail Andalucia SL,2026-07-10T08:59:00,2026-07-10T17:21:00,
sergio.vazquez@retail.com,Retail Andalucia SL,2026-07-09T08:45:00,2026-07-09T17:15:00,
sergio.vazquez@retail.com,Retail Andalucia SL,2026-07-08T08:53:00,2026-07-08T17:23:00,
sergio.vazquez@retail.com,Retail Andalucia SL,2026-07-07T08:47:00,2026-07-07T17:08:00,
sergio.vazquez@retail.com,Retail Andalucia SL,2026-07-06T09:12:00,2026-07-06T17:31:00,
sergio.vazquez@retail.com,Retail Andalucia SL,2026-07-03T08:55:00,2026-07-03T16:52:00,
sergio.vazquez@retail.com,Retail Andalucia SL,2026-07-02T08:53:00,2026-07-02T17:20:00,
sergio.vazquez@retail.com,Retail Andalucia SL,2026-07-01T09:01:00,2026-07-01T17:26:00,
sergio.vazquez@retail.com,Retail Andalucia SL,2026-06-30T08:57:00,2026-06-30T17:21:00,
sergio.vazquez@retail.com,Retail Andalucia SL,2026-06-29T08:48:00,2026-06-29T16:55:00,
sergio.vazquez@retail.com,Retail Andalucia SL,2026-06-26T08:59:00,2026-06-26T17:23:00,
sergio.vazquez@retail.com,Retail Andalucia SL,2026-06-25T09:06:00,2026-06-25T17:36:00,
sergio.vazquez@retail.com,Retail Andalucia SL,2026-06-24T09:14:00,2026-06-24T17:38:00,
sergio.vazquez@retail.com,Retail Andalucia SL,2026-06-23T09:06:00,2026-06-23T16:59:00,
sergio.vazquez@retail.com,Retail Andalucia SL,2026-06-22T08:52:00,2026-06-22T16:56:00,
sergio.vazquez@retail.com,Retail Andalucia SL,2026-06-19T08:56:00,2026-06-19T17:25:00,
sergio.vazquez@retail.com,Retail Andalucia SL,2026-06-18T08:57:00,2026-06-18T17:08:00,
sergio.vazquez@retail.com,Retail Andalucia SL,2026-06-17T09:03:00,2026-06-17T17:12:00,
sergio.vazquez@retail.com,Retail Andalucia SL,2026-06-16T09:00:00,2026-06-16T17:25:00,
sergio.vazquez@retail.com,Retail Andalucia SL,2026-06-15T09:14:00,2026-06-15T17:40:00,
sergio.ruiz@retail.com,Retail Andalucia SL,2026-07-10T08:50:00,2026-07-10T17:10:00,
sergio.ruiz@retail.com,Retail Andalucia SL,2026-07-09T08:54:00,2026-07-09T16:47:00,
sergio.ruiz@retail.com,Retail Andalucia SL,2026-07-08T09:11:00,2026-07-08T17:24:00,
sergio.ruiz@retail.com,Retail Andalucia SL,2026-07-07T09:12:00,2026-07-07T17:19:00,
sergio.ruiz@retail.com,Retail Andalucia SL,2026-07-06T09:00:00,2026-07-06T16:53:00,
sergio.ruiz@retail.com,Retail Andalucia SL,2026-07-03T08:57:00,2026-07-03T17:17:00,
sergio.ruiz@retail.com,Retail Andalucia SL,2026-07-02T09:00:00,2026-07-02T17:11:00,
sergio.ruiz@retail.com,Retail Andalucia SL,2026-07-01T08:58:00,2026-07-01T17:28:00,
sergio.ruiz@retail.com,Retail Andalucia SL,2026-06-30T09:00:00,2026-06-30T16:55:00,
sergio.ruiz@retail.com,Retail Andalucia SL,2026-06-29T08:45:00,2026-06-29T16:44:00,
sergio.ruiz@retail.com,Retail Andalucia SL,2026-06-26T08:53:00,2026-06-26T16:52:00,
sergio.ruiz@retail.com,Retail Andalucia SL,2026-06-25T08:50:00,2026-06-25T17:04:00,
sergio.ruiz@retail.com,Retail Andalucia SL,2026-06-24T09:09:00,2026-06-24T17:25:00,
sergio.ruiz@retail.com,Retail Andalucia SL,2026-06-23T08:48:00,2026-06-23T17:09:00,
sergio.ruiz@retail.com,Retail Andalucia SL,2026-06-22T09:09:00,2026-06-22T17:28:00,
sergio.ruiz@retail.com,Retail Andalucia SL,2026-06-19T08:56:00,2026-06-19T17:15:00,
sergio.ruiz@retail.com,Retail Andalucia SL,2026-06-18T08:46:00,2026-06-18T16:59:00,
sergio.ruiz@retail.com,Retail Andalucia SL,2026-06-17T08:58:00,2026-06-17T16:49:00,
sergio.ruiz@retail.com,Retail Andalucia SL,2026-06-16T09:05:00,2026-06-16T17:05:00,
sergio.ruiz@retail.com,Retail Andalucia SL,2026-06-15T08:46:00,2026-06-15T16:59:00,
